timestamp;position_x;position_y;position_z;rotation_x;rotation_y;rotation_z;rotation_w
09:12:44.516;0;-65,51071;88,1142;0,755115;-0,1632595;-0,1336589;0,6207117
09:12:44.578;0;-65,51071;88,1142;0,7553923;-0,1625235;-0,1335701;0,6205865
09:12:44.649;0;-65,51071;88,1142;0,7556155;-0,1628622;-0,1331577;0,6203146
09:12:44.718;0;-65,51071;88,1142;0,7552188;-0,1627771;-0,1332618;0,6207975
09:12:44.789;0;-65,51071;88,1142;0,7555116;-0,1633449;-0,1335545;0,6202289
09:12:44.857;0;-65,51071;88,1142;0,755115;-0,1632595;-0,1336589;0,6207117
09:12:44.929;0;-65,51071;88,1142;0,755115;-0,1632595;-0,1336589;0,6207117
09:12:45.004;0;-65,51071;88,1142;0,755115;-0,1632595;-0,1336589;0,6207117
09:12:45.074;0;-65,51071;88,1142;0,7536993;-0,1626633;-0,1343831;0,6224301
09:12:45.149;0;-65,51071;88,1142;0,7527289;-0,1627457;-0,134284;0,623603
09:12:45.221;0;-65,51071;88,1142;0,7521054;-0,1623191;-0,1347985;0,6243551
09:12:45.290;0;-65,51071;88,1142;0,7510285;-0,1628817;-0,1350998;0,6254389
09:12:45.371;0;-65,51071;88,1142;0,7479237;-0,1617109;-0,1355284;0,6293582
09:12:45.443;0,06684691;-64,88226;87,06709;0,742489;-0,1647527;-0,1406034;0,6338748
09:12:45.512;0,07311695;-62,2134;79,44298;0,7333904;-0,1833959;-0,1628063;0,6340336
09:12:45.583;0,1142586;-60,62562;75,7277;0,7293775;-0,1741615;-0,1702755;0,6392828
09:12:45.653;0,1525337;-61,21352;75,6129;0,7289978;-0,1660323;-0,1695571;0,6420637
09:12:45.721;0,1565271;-61,80768;73,18502;0,7268086;-0,1656291;-0,1711942;0,6442118
09:12:45.788;0,1195024;-61,81932;71,4769;0,7237974;-0,1673416;-0,1676233;0,6480868
09:12:45.857;0,04057547;-61,91815;69,67397;0,7227939;-0,1705594;-0,161277;0,6499755
09:12:45.929;-0,1683223;-62,27833;66,01376;0,7219152;-0,1757476;-0,1560787;0,6508384
09:12:46.000;-0,1763892;-63,08904;61,10931;0,7199459;-0,1803973;-0,1592798;0,6509721
09:12:46.066;-0,090041;-63,32729;58,86409;0,7194316;-0,177794;-0,1606649;0,6519158
09:12:46.139;-0,09161068;-63,58992;56,95541;0,7197325;-0,1735791;-0,1592827;0,6530578
09:12:46.207;-0,09311029;-64,01538;55,13196;0,7204766;-0,1735032;-0,1567762;0,6528639
09:12:46.278;-0,1440107;-64,44068;51,60958;0,7170786;-0,1779417;-0,1566103;0,655445
09:12:46.347;-0,1489886;-64,84498;47,57432;0,7132346;-0,1804995;-0,1559694;0,6590827
09:12:46.415;-0,1530557;-65,94237;44,27737;0,7121346;-0,1801753;-0,1583483;0,6597931
09:12:46.483;-0,1584195;-67,69038;39,92924;0,7114959;-0,1812165;-0,1654211;0,6584604
09:12:46.549;-0,1612236;-68,10715;37,65614;0,7121507;-0,1825988;-0,1707081;0,6560166
09:12:46.618;-0,1626304;-68,06741;36,51574;0,7123463;-0,1836217;-0,1714375;0,6553282
09:12:46.688;-0,3286088;-68,00736;35,15892;0,7126568;-0,185589;-0,1698922;0,6548387
09:12:46.764;-0,9440428;-68,11366;33,30337;0,7121304;-0,1881362;-0,1703375;0,6545686
09:12:46.831;-0,9543444;-68,38358;31,82971;0,7117283;-0,1884927;-0,1738635;0,6539762
09:12:46.899;-0,967535;-69,24374;29,94278;0,7099435;-0,1899886;-0,1797493;0,653892
09:12:46.970;-0,9725739;-69,76761;29,22196;0,7092385;-0,1920848;-0,1840162;0,652857
09:12:47.037;-0,9742733;-70,01284;28,97886;0,7093557;-0,1943212;-0,1879272;0,650951
09:12:47.110;-0,9746515;-70,00794;28,92475;0,7100336;-0,1983154;-0,1920836;0,6477864
09:12:47.179;-0,9750298;-70,00302;28,87063;0,7098395;-0,2047586;-0,1926069;0,6458361
09:12:47.252;-0,976052;-69,93616;28,72441;0,7092578;-0,2187012;-0,1908878;0,6424056
09:12:47.319;-0,9754868;-69,6764;28,80525;0,7050962;-0,230536;-0,1933531;0,6421114
09:12:47.388;-0,9752597;-69,57254;28,83774;0,7022409;-0,2389612;-0,1976977;0,6408361
09:12:47.458;-0,9752597;-69,57254;28,83774;0,6997302;-0,2461842;-0,2024124;0,6393749
09:12:47.531;-0,9757516;-69,61945;28,76738;0,6978586;-0,2533577;-0,2073992;0,6370155
09:12:47.601;-0,9215585;-69,57339;28,28013;0,6952547;-0,2616075;-0,2116895;0,6351141
09:12:47.669;-0,9222702;-69,56291;28,17196;0,6906455;-0,2694045;-0,2154675;0,635613
09:12:47.738;-0,922519;-69,50571;28,13414;0,6853628;-0,2765483;-0,2179856;0,6374018
09:12:47.808;-0,9228748;-69,50042;28,08006;0,6831217;-0,2806524;-0,2183736;0,6378808
09:12:47.879;-0,9232306;-69,4951;28,02598;0,6821521;-0,282206;-0,218795;0,6380886
09:12:47.948;-0,9232306;-69,4951;28,02598;0,6817049;-0,2813729;-0,2205658;0,6383247
09:12:48.016;-0,865863;-69,48976;27,97154;0,6818101;-0,2806813;-0,2215589;0,6381729
09:12:48.084;-0,865863;-69,48976;27,97154;0,6812001;-0,2796985;-0,2226397;0,6388793
09:12:48.149;-0,865863;-69,48976;27,97154;0,6812001;-0,2796985;-0,2226397;0,6388793
09:12:48.217;-0,7504157;-69,48976;27,97087;0,6810068;-0,279015;-0,2233704;0,6391291
09:12:48.285;-0,346347;-69,48976;27,9693;0,6806846;-0,2780949;-0,2243502;0,6395299
09:12:48.353;0,1154491;-69,48976;27,96892;0,680361;-0,2771742;-0,2253296;0,6399295
09:12:48.425;0,9239421;-69,48441;27,91784;0,6800641;-0,2740522;-0,2263093;0,6412427
09:12:48.496;1,559132;-69,48441;27,92345;0,680216;-0,2721578;-0,225699;0,642103
09:12:48.575;2,255497;-69,46274;27,71661;0,6796846;-0,2711224;-0,2270308;0,642634
09:12:48.648;3,880012;-69,38881;27,55202;0,6783943;-0,2679689;-0,2305938;0,6440499
09:12:48.715;5,571033;-69,14182;27,29553;0,6771235;-0,2682085;-0,2331153;0,6443797
09:12:48.782;8,321574;-68,93398;26,99324;0,6757974;-0,2703109;-0,2341542;0,6445166
09:12:48.852;10,59943;-68,91618;26,98328;0,6753569;-0,2710505;-0,2332251;0,6450045
09:12:48.919;13,29662;-68,88606;26,94021;0,6785029;-0,2717371;-0,2309805;0,6422155
09:12:48.989;14,92951;-68,87997;27,04897;0,681995;-0,2701505;-0,229232;0,639808
09:12:49.066;17,09697;-68,86159;27,13166;0,6854748;-0,2687186;-0,2269537;0,6375004
09:12:49.133;19,03325;-68,84299;27,21616;0,6868317;-0,2682289;-0,2254663;0,6367735
09:12:49.202;21,95576;-68,77959;27,09501;0,6876392;-0,2674119;-0,2244191;0,6366155
09:12:49.272;23,89336;-68,72065;26,91743;0,6884018;-0,2688583;-0,222401;0,6358899
09:12:49.341;25,82002;-68,67357;26,87275;0,6893292;-0,2701266;-0,2199771;0,6351905
09:12:49.411;26,99275;-68,66676;27,03693;0,6898761;-0,2699545;-0,2193782;0,634877
09:12:49.482;29,06716;-68,63929;27,22885;0,690124;-0,2711145;-0,2206905;0,6336572
09:12:49.549;30,97934;-68,60445;27,36036;0,6896309;-0,2737935;-0,2214717;0,632769
09:12:49.617;32,65202;-68,54037;27,24064;0,6893585;-0,2768785;-0,2199069;0,632269
09:12:49.685;34,647;-68,45963;27,1073;0,6897001;-0,2791207;-0,2182123;0,6314973
09:12:49.753;36,39165;-68,3916;27,04658;0,6904062;-0,280646;-0,2170475;0,6304502
09:12:49.819;38,10236;-68,3658;26,92417;0,6916491;-0,281055;-0,2144013;0,6298108
09:12:49.888;39,62507;-68,42536;26,62239;0,6935554;-0,2797551;-0,2124526;0,628953
09:12:49.964;41,61971;-68,56036;26,27076;0,6937087;-0,2783439;-0,2132934;0,6291255
09:12:50.035;43,76773;-68,56907;25,91247;0,6934558;-0,2788002;-0,2142772;0,6288679
09:12:50.106;47,21043;-68,50191;25,2552;0,6931475;-0,2801638;-0,2136625;0,6288109
09:12:50.179;50,21997;-68,34158;24,71967;0,693154;-0,2828268;-0,2105572;0,628659
09:12:50.248;52,08138;-68,33335;24,72532;0,6948283;-0,2819587;-0,2083924;0,6279216
09:12:50.317;53,9518;-68,34275;24,56862;0,6963586;-0,2817128;-0,2072076;0,6267276
09:12:50.386;56,9021;-68,13351;24,31866;0,698034;-0,2811709;-0,2079107;0,6248716
09:12:50.457;59,09414;-68,097;24,17561;0,6985779;-0,2809399;-0,206404;0,6248672
09:12:50.528;61,60955;-67,99034;24,15873;0,6999887;-0,2814606;-0,2029412;0,624188
09:12:50.596;63,50334;-67,98997;24,17788;0,7004938;-0,2821215;-0,2020076;0,6236255
09:12:50.667;65,44771;-68,05058;24,28312;0,7013694;-0,2815107;-0,2003928;0,6234384
09:12:50.736;66,56654;-68,28828;24,34383;0,7020708;-0,2818553;-0,2001277;0,6225778
09:12:50.804;68,20749;-68,40947;24,38461;0,7026841;-0,2819216;-0,2014705;0,6214216
09:12:50.875;69,46822;-68,41067;24,48535;0,7028494;-0,2824169;-0,2025177;0,6206689
09:12:50.948;71,25269;-68,52808;24,87978;0,7026091;-0,281489;-0,2039393;0,6208971
09:12:51.017;72,63148;-68,69676;25,07347;0,7028005;-0,2810645;-0,2037688;0,6209288
09:12:51.085;74,56527;-68,56096;25,22147;0,7022076;-0,2823315;-0,202978;0,6212837
09:12:51.156;76,63601;-68,52547;25,43207;0,7018329;-0,282088;-0,2021426;0,6220894
09:12:51.227;79,76144;-68,74421;24,74888;0,7009188;-0,2832053;-0,2019349;0,6226796
09:12:51.298;81,53074;-68,82061;24,22772;0,7010551;-0,285216;-0,1998272;0,6222883
09:12:51.370;82,48467;-68,91711;24,48038;0,7018994;-0,2848333;-0,1966401;0,622527
09:12:51.444;82,99902;-69,75658;24,96449;0,701298;-0,2838926;-0,1970171;0,6235145
09:12:51.515;82,99901;-70,65014;24,79266;0,7010955;-0,285048;-0,1984927;0,6227466
09:12:51.581;82,999;-70,96591;24,72112;0,7016428;-0,2827909;-0,2030494;0,6216893
09:12:51.649;82,999;-71,08643;24,74246;0,700902;-0,2828222;-0,2048621;0,621916
09:12:51.722;82,999;-71,13908;24,69611;0,7009991;-0,2833;-0,2041879;0,6218108
09:12:51.789;82,999;-71,34978;24,649;0,7010431;-0,2852007;-0,2023934;0,6214789
09:12:51.859;82,99901;-71,41766;24,61333;0,7013863;-0,2879083;-0,1991683;0,6208849
09:12:51.930;82,999;-71,41766;24,61333;0,7014385;-0,2882569;-0,1986375;0,6208342
09:12:52.001;82,99901;-71,47035;24,4983;0,7014413;-0,28949;-0,1980005;0,6204606
09:12:52.076;82,999;-71,47035;24,42955;0,7016937;-0,2892434;-0,1973854;0,6204863
09:12:52.143;82,99907;-71,60608;24,32503;0,7023258;-0,2909861;-0,1943799;0,6199049
09:12:52.211;82,72557;-71,73423;24,3348;0,7002689;-0,2929147;-0,1924259;0,6219298
09:12:52.279;81,22181;-71,80196;23,5258;0,6972448;-0,2996918;-0,1885578;0,6232821
09:12:52.352;80,08786;-71,80196;22,89566;0,6949792;-0,3037379;-0,1878073;0,6240798
09:12:52.426;78,33056;-71,92139;22,41604;0,6948341;-0,3057708;-0,1880015;0,6231896
09:12:52.493;76,58365;-72,06876;22,08187;0,6951436;-0,3064993;-0,185516;0,6232314
09:12:52.566;72,42943;-72,80738;21,14538;0,6944013;-0,3055512;-0,1831333;0,625226
09:12:52.634;69,64197;-73,51754;20,41467;0,6937307;-0,3041331;-0,1853232;0,6260161
09:12:52.706;66,84387;-74,39684;19,75189;0,693093;-0,3015518;-0,1866976;0,6275609
09:12:52.775;64,80691;-74,8222;19,22803;0,6918371;-0,3013129;-0,1869853;0,6289741
09:12:52.847;61,37543;-75,01048;18,60985;0,6893963;-0,3030041;-0,1854957;0,6312786
09:12:52.916;58,74016;-75,01015;18,22285;0,6875077;-0,3027366;-0,1852654;0,6335301
09:12:52.983;54,98851;-75,01004;17,4831;0,6871231;-0,3032124;-0,1838825;0,6341225
09:12:53.051;52,04602;-75,01001;16,90351;0,686238;-0,303706;-0,1834571;0,6349674
09:12:53.123;48,49367;-75,0099;16,33998;0,685381;-0,3012143;-0,1852041;0,6365707
09:12:53.194;46,39672;-75,00977;16,01912;0,6860058;-0,2988615;-0,1863542;0,636671
09:12:53.264;44,44775;-75,00975;15,68621;0,6856427;-0,2990657;-0,1895387;0,6360258
09:12:53.336;42,55561;-75,00981;15,65656;0,6856301;-0,3009468;-0,1921884;0,6343548
09:12:53.405;39,80835;-75,0098;15,60183;0,6842257;-0,3068888;-0,2012143;0,6302121
09:12:53.475;38,16551;-75,00975;15,48312;0,6822596;-0,3118206;-0,2108153;0,6267748
09:12:53.547;37,13432;-75,00974;15,33681;0,679854;-0,3169528;-0,2194725;0,6238359
09:12:53.617;36,18392;-75,00976;15,13576;0,6782827;-0,3226546;-0,2239129;0,6210392
09:12:53.689;35,17223;-75,00977;14,91361;0,677186;-0,3254859;-0,2281322;0,6192203
09:12:53.761;33,65631;-75,00983;14,57398;0,6773524;-0,3261273;-0,2295647;0,6181706
09:12:53.836;32,35773;-75,00989;14,45841;0,6779604;-0,3253869;-0,2290373;0,6180899
09:12:53.904;29,57167;-75,01;14,22364;0,6803671;-0,3221843;-0,2272106;0,6177971
09:12:53.972;27,14144;-75,00983;13,88516;0,6821522;-0,3166489;-0,2291764;0,6179644
09:12:54.045;24,85403;-75,00986;13,48756;0,6810958;-0,3125383;-0,2309998;0,6205381
09:12:54.116;22,0989;-75,00991;13,16489;0,6805473;-0,3128315;-0,2279917;0,6221026
09:12:54.183;18,90385;-75,00986;12,74337;0,6790026;-0,3107913;-0,2292937;0,6243305
09:12:54.252;16,05958;-75,0099;12,67866;0,6791716;-0,3096496;-0,2287795;0,6249024
09:12:54.323;12,19145;-75,0098;12,62266;0,6796281;-0,306157;-0,2315913;0,6250912
09:12:54.396;9,756732;-75,00982;12,45119;0,6783143;-0,3043206;-0,2331639;0,6268278
09:12:54.465;5,65108;-75,00985;12,24843;0,6750754;-0,3039425;-0,2342519;0,6300938
09:12:54.534;2,248768;-75,00985;12,10912;0,6733691;-0,3027142;-0,2371315;0,6314325
09:12:54.602;-0,1927581;-75,00972;12,09305;0,6709276;-0,2973321;-0,2432009;0,6342736
09:12:54.671;-1,28504;-75,00974;12,09822;0,6680697;-0,2964432;-0,2435269;0,6375727
09:12:54.742;-4,175931;-75,0098;12,14874;0,6668509;-0,2982771;-0,2393155;0,6395848
09:12:54.811;-6,230863;-75,00977;12,21721;0,6658575;-0,2951274;-0,2393706;0,6420556
09:12:54.881;-8,298827;-75,00976;12,04694;0,6651688;-0,2907757;-0,2402374;0,6444269
09:12:54.951;-10,68309;-75,00984;12,0851;0,6648555;-0,2899734;-0,2399672;0,6452119
09:12:55.018;-13,63677;-75,00984;12,31512;0,6641675;-0,2891256;-0,2408641;0,6459662
09:12:55.087;-16,78202;-75,00983;12,58139;0,6615009;-0,2868623;-0,2459584;0,6477894
09:12:55.161;-19,34171;-75,0098;12,87848;0,6603048;-0,2850979;-0,24848;0,6488253
09:12:55.239;-21,70478;-75,0098;13,19073;0,6594883;-0,2821371;-0,2496412;0,6505022
09:12:55.309;-23,63316;-75,00983;13,3651;0,658992;-0,2808924;-0,249635;0,6515454
09:12:55.379;-26,1968;-75,00977;13,66987;0,6578702;-0,2770761;-0,2512135;0,6537028
09:12:55.448;-27,81375;-75,00982;13,79032;0,6553036;-0,2764583;-0,2525645;0,6560176
09:12:55.515;-30,24364;-75,00993;13,81403;0,6528281;-0,2768992;-0,2533065;0,6580107
09:12:55.585;-34,1675;-75,01001;14,36185;0,6514426;-0,2755998;-0,2546085;0,6594254
09:12:55.656;-37,08641;-75,00997;14,98402;0,6509816;-0,2725839;-0,2556284;0,6607383
09:12:55.730;-40,02091;-75,00984;15,5588;0,6488879;-0,2685817;-0,2588213;0,6631891
09:12:55.801;-42,87745;-75,00998;15,71592;0,6458312;-0,2703243;-0,2594873;0,6652017
09:12:55.869;-45,45383;-75,01022;15,74404;0,6438635;-0,2725653;-0,2606327;0,6657466
09:12:55.942;-48,35423;-75,0106;15,69384;0,6399388;-0,2746586;-0,2627137;0,6678492
09:12:56.014;-49,87802;-74,97118;15,90668;0,6360506;-0,2752921;-0,2641744;0,6707203
09:12:56.081;-51,60483;-74,7547;15,53439;0,6335525;-0,279271;-0,2655634;0,6708912
09:12:56.150;-52,66096;-74,57175;15,11411;0,6319695;-0,2800827;-0,2658831;0,6719184
09:12:56.221;-53,97536;-74,38461;14,79033;0,630672;-0,2797137;-0,264116;0,673985
09:12:56.297;-54,35055;-74,28945;14,53208;0,6306607;-0,278137;-0,2610037;0,6758579
09:12:56.366;-54,2873;-74,28945;14,50975;0,6307949;-0,2755636;-0,2593431;0,6774243
09:12:56.447;-53,65425;-74,28945;14,28782;0,6303071;-0,2709947;-0,261671;0,6788248
09:12:56.518;-53,14716;-74,28945;14,11215;0,6296952;-0,2697413;-0,263575;0,6791552
09:12:56.583;-53,08373;-74,28945;14,09031;0,6293692;-0,2703148;-0,2646492;0,6788116
09:12:56.653;-53,11289;-74,31675;14,21161;0,6291698;-0,272794;-0,2644536;0,6780804
09:12:56.723;-53,09575;-74,33036;14,26134;0,6289527;-0,2738945;-0,2648535;0,677682
09:12:56.799;-52,86945;-74,5711;14,71303;0,6278547;-0,2744327;-0,2661779;0,6779634
09:12:56.869;-52,34642;-75,00972;15,21033;0,6256967;-0,2757718;-0,2713785;0,6773531
09:12:56.938;-51,40669;-75,00971;15,70712;0,6219344;-0,2833247;-0,2804053;0,674016
09:12:57.007;-50,54544;-75,00971;15,56919;0,6173302;-0,2957801;-0,29258;0,6676934
09:12:57.077;-49,76081;-75,00971;15,41425;0,6134114;-0,3058194;-0,3039492;0,6616765
09:12:57.148;-48,83898;-75,00972;15,69128;0,6093902;-0,3150363;-0,3156801;0,655547
09:12:57.215;-47,69924;-75,00975;16,24213;0,608125;-0,3180718;-0,3228406;0,6517578
09:12:57.285;-46,32528;-75,00972;16,92412;0,6084077;-0,3196301;-0,326818;0,6487423
09:12:57.355;-46,18548;-75,00971;17,1589;0,611392;-0,3214317;-0,3275957;0,6446414
09:12:57.428;-46,06112;-75,00971;17,12097;0,61461;-0,3199827;-0,3285911;0,6417893
09:12:57.499;-45,96434;-75,00971;17,21579;0,6165124;-0,3175592;-0,3264049;0,6422838
09:12:57.582;-45,73646;-75,00972;17,5196;0,6171497;-0,3144191;-0,3254666;0,6436912
09:12:57.654;-45,42058;-75,00972;17,8932;0,6172923;-0,3129542;-0,3243954;0,6448081
09:12:57.727;-44,90789;-75,00977;18,02896;0,6173352;-0,3104406;-0,3227314;0,646814
09:12:57.799;-44,37588;-74,94881;18,00832;0,6181548;-0,3093448;-0,3197781;0,648022
09:12:57.865;-43,97966;-73,51407;18,21449;0,6202344;-0,3058476;-0,3140122;0,6505098
09:12:57.933;-43,6869;-73,1042;18,2995;0,6227289;-0,3008166;-0,3082523;0,6532217
09:12:58.015;-43,46365;-72,7998;18,37727;0,624852;-0,2937479;-0,3027077;0,6569933
09:12:58.086;-42,93692;-72,76944;18,35087;0,6258831;-0,2878335;-0,299761;0,6599739
09:12:58.160;-42,72979;-72,88811;18,60912;0,6273872;-0,2849187;-0,2947346;0,6620712
09:12:58.228;-42,72979;-72,88811;18,60912;0,6281518;-0,2852289;-0,2921666;0,6623507
09:12:58.299;-42,72594;-72,83554;18,62261;0,6278087;-0,2850638;-0,2908175;0,6633401
09:12:58.382;-42,72208;-72,78298;18,63613;0,6274743;-0,2853515;-0,290595;0,6636302
09:12:58.451;-42,72208;-72,78298;18,63613;0,6277241;-0,2854563;-0,2897377;0,6637238
09:12:58.521;-42,72208;-72,78298;18,63613;0,6275483;-0,2853762;-0,2890625;0,6642187
09:12:58.589;-42,72208;-72,78298;18,63613;0,6277076;-0,2850074;-0,2886094;0,6644235
09:12:58.666;-42,70271;-72,52025;18,70404;0,6273887;-0,2857448;-0,2895154;0,6640136
09:12:58.734;-42,37945;-72,31017;18,67128;0,626666;-0,2848766;-0,2903424;0,6647077
09:12:58.815;-40,70652;-71,98427;18,2416;0,6239896;-0,2818133;-0,2935672;0,6671106
09:12:58.885;-37,87562;-71,30779;17,17334;0,6210288;-0,2767648;-0,2967539;0,6705682
09:12:58.952;-35,28213;-70,45051;16,15924;0,6196114;-0,2743904;-0,2972819;0,6726181
09:12:59.023;-32,52322;-69,16245;15,23542;0,62113;-0,2720859;-0,2900671;0,6752983
09:12:59.091;-30,57464;-68,63929;14,4739;0,6197155;-0,269106;-0,2874411;0,6789051
09:12:59.160;-28,31659;-68,49935;13,91238;0,6122748;-0,2699248;-0,2837991;0,6868175
09:12:59.231;-27,40967;-68,43945;13,47971;0,6073031;-0,2709012;-0,282306;0,6914469
09:12:59.300;-25,43884;-68,17393;12,70831;0,6017537;-0,2682645;-0,2863203;0,6956632
09:12:59.367;-23,85679;-68,03296;12,32906;0,5939844;-0,2666659;-0,2895899;0,7015764
09:12:59.435;-22,38624;-67,80001;12,06802;0,5830262;-0,2635039;-0,2954203;0,7094878
09:12:59.504;-19,46913;-67,22768;11,85429;0,5693215;-0,259762;-0,304927;0,717925
09:12:59.585;-17,00713;-66,98011;11,70176;0,5500398;-0,2584732;-0,313097;0,729807
09:12:59.651;-15,13331;-66,82425;11,55838;0,5337034;-0,2577773;-0,3186839;0,7396973
09:12:59.720;-11,44983;-66,61653;11,31158;0,5168955;-0,2584335;-0,3212844;0,750205
09:12:59.797;-9,502192;-66,65338;11,34079;0,5035353;-0,2587379;-0,3205508;0,7594433
09:12:59.869;-9,02889;-66,73859;11,68418;0,4846567;-0,2602463;-0,3201714;0,7712782
09:12:59.947;-9,02889;-66,73859;11,68418;0,4698962;-0,2584198;-0,3231945;0,7797193
09:13:00.020;-9,030062;-66,62267;11,66385;0,4506439;-0,2549703;-0,3290797;0,7896941
09:13:00.087;-9,030062;-66,62267;11,66385;0,4319913;-0,2515513;-0,3333154;0,7993787
09:13:00.161;-9,030062;-66,62267;11,66385;0,4098799;-0,2487789;-0,3375423;0,8100449
09:13:00.231;-9,030062;-66,62267;11,66385;0,4007606;-0,2491345;-0,3383152;0,8141657
09:13:00.303;-9,027014;-66,63477;11,71674;0,396656;-0,2486722;-0,3368676;0,8169127
09:13:00.375;-9,027014;-66,63477;11,71674;0,3959067;-0,2489128;-0,3355641;0,817739
09:13:00.443;-9,027952;-66,68668;11,70045;0,3962596;-0,2451955;-0,3341036;0,8192877
09:13:00.515;-9,024904;-66,69877;11,75334;0,395557;-0,2411917;-0,3333165;0,8211342
09:13:00.585;-9,015759;-66,7349;11,91203;0,4154809;-0,2455507;-0,325348;0,81316
09:13:00.654;-9,012709;-66,7469;11,96494;0,4415116;-0,2502699;-0,3168219;0,8012842
09:13:00.728;-9,03255;-67,19561;12,7347;0,4850698;-0,2554182;-0,3036943;0,7792552
09:13:00.800;-9,03536;-67,35146;12,68628;0,5258986;-0,2555095;-0,2990023;0,7541506
09:13:00.872;-9,03536;-67,35146;12,68628;0,5469877;-0,2549327;-0,2973983;0,7398432
09:13:00.940;-9,386333;-67,41486;13,25519;0,5662913;-0,2642704;-0,2892327;0,7251343
09:13:01.013;-9,481338;-67,52806;13,79342;0,5751081;-0,2732356;-0,280344;0,7183316
09:13:01.080;-9,465557;-65,80592;15,08191;0,5823861;-0,2798105;-0,2653212;0,7156377
09:13:01.151;-9,338497;-63,90665;17,13928;0,5881369;-0,2739368;-0,2470984;0,7197194
09:13:01.223;-9,339539;-63,4643;17,12243;0,6023109;-0,2656081;-0,2250478;0,7183505
09:13:01.295;-9,522689;-63,31026;17,18797;0,6149538;-0,2568465;-0,2109266;0,7151026
09:13:01.368;-10,42297;-63,45479;17,71054;0,6322806;-0,2426147;-0,1915451;0,7104012
09:13:01.437;-10,68717;-63,74035;18,37077;0,6443342;-0,2289448;-0,1806391;0,7069563
09:13:01.515;-10,6758;-63,93419;18,5303;0,6536216;-0,2191955;-0,1761683;0,7026357
09:13:01.581;-10,6758;-63,93419;18,5303;0,6558251;-0,2170166;-0,1771685;0,7010053
09:13:01.652;-10,6758;-63,93419;18,5303;0,6553351;-0,2213354;-0,1781834;0,6998552
09:13:01.723;-10,67961;-64,08838;18,47687;0,6578029;-0,2259299;-0,1795062;0,6957216
09:13:01.795;-10,6985;-64,69589;18,21172;0,6651379;-0,2292704;-0,1801636;0,6874357
09:13:01.868;-10,70349;-64,90193;18,14177;0,6691498;-0,2347811;-0,1812313;0,6813747
09:13:01.947;-10,72196;-65,67558;17,88246;0,6698126;-0,247431;-0,1831441;0,6757123
09:13:02.017;-10,77602;-67,67449;17,12383;0,6723487;-0,259105;-0,1861912;0,6679406
09:13:02.083;-10,88305;-68,6016;16,50261;0,6743119;-0,2763052;-0,1930364;0,6570356
09:13:02.151;-11,141;-68,41522;16,40879;0,6742318;-0,288197;-0,1918704;0,6523341
09:13:02.220;-11,18266;-68,4137;16,6956;0,6690434;-0,2960178;-0,1884209;0,6551732
09:13:02.295;-11,1203;-68,4137;16,69102;0,6681642;-0,2947122;-0,1848921;0,6576596
09:13:02.366;-11,1203;-68,4137;16,69102;0,6689632;-0,2844399;-0,1834171;0,6617706
09:13:02.435;-10,99673;-68,46569;16,66595;0,6692458;-0,2777046;-0,1850848;0,6638778
09:13:02.507;-10,87387;-68,73581;16,63064;0,6709564;-0,2725064;-0,1847437;0,6644001
09:13:02.574;-10,87769;-68,72578;16,57737;0,6725358;-0,2722244;-0,185083;0,6628225
09:13:02.643;-10,87541;-68,62173;16,60914;0,6727932;-0,2758043;-0,1839751;0,6613883
09:13:02.714;-10,87427;-68,56971;16,62506;0,6727015;-0,2761863;-0,1819272;0,6618884
09:13:02.784;-10,87655;-68,67375;16,59324;0,6744155;-0,2686806;-0,178302;0,6642159
09:13:02.854;-10,87655;-68,67375;16,59324;0,678462;-0,2608581;-0,1729632;0,6646248
09:13:02.926;-10,89374;-68,35307;16,35341;0,679949;-0,2567705;-0,1708785;0,6652359
09:13:02.996;-10,8903;-68,19711;16,40148;0,6806623;-0,2555702;-0,1668933;0,66598
09:13:03.065;-10,88266;-68,21741;16,50797;0,6816614;-0,2510491;-0,1631185;0,6676109
09:13:03.133;-10,88648;-68,20728;16,45472;0,6827652;-0,244318;-0,1597936;0,6697808
09:13:03.204;-10,88266;-68,21741;16,50797;0,6836827;-0,2368061;-0,1584166;0,6718668
09:13:03.275;-10,87041;-68,02977;16,67886;0,6841843;-0,2336444;-0,1569773;0,6728004
09:13:03.344;-10,92126;-68,05992;16,84313;0,6851887;-0,2285169;-0,1566342;0,6736188
09:13:03.410;-10,92544;-67,88403;16,78511;0,6867019;-0,2246947;-0,1574294;0,6731781
09:13:03.484;-10,93345;-67,69798;16,67405;0,6879221;-0,2222651;-0,1562689;0,6730092
09:13:03.550;-10,93612;-67,63594;16,63708;0,6888974;-0,2194718;-0,1540815;0,6734326
09:13:03.618;-10,94705;-67,22178;16,48543;0,6906509;-0,2156462;-0,1531003;0,6730961
09:13:03.689;-10,92553;-64,58544;16,78395;0,6940644;-0,2074587;-0,1490847;0,6730596
09:13:03.755;-10,90899;-61,66547;17,01342;0,6975142;-0,2016325;-0,1463988;0,6718524
09:13:03.822;-10,82086;-57,4242;18,23592;0,7025735;-0,1890646;-0,1353083;0,6725599
09:13:03.892;-10,71488;-53,91243;19,70618;0,7080869;-0,1790778;-0,1238795;0,6717127
09:13:03.962;-10,87408;-51,33171;20,88049;0,716783;-0,1614924;-0,1147125;0,6685681
09:13:04.034;-10,71766;-48,58067;22,18228;0,7237266;-0,146978;-0,1106249;0,6651161
09:13:04.103;-10,70642;-46,52649;23,15422;0,7296057;-0,1296605;-0,1007345;0,6638646
09:13:04.172;-10,70642;-46,52649;23,15422;0,7322928;-0,1230175;-0,09485205;0,6630362
09:13:04.242;-10,82213;-46,42963;23,21255;0,7369458;-0,1112306;-0,0842217;0,6613965
09:13:04.316;-10,82548;-45,83154;23,16765;0,7419772;-0,1011804;-0,08000961;0,6578988
09:13:04.386;-10,79728;-43,77299;23,54585;0,7496268;-0,08263597;-0,07473949;0,6524147
09:13:04.461;-10,92915;-42,66801;23,3852;0,7525265;-0,0692665;-0,06786649;0,6513833
09:13:04.530;-11,42277;-42,19325;23,20844;0,7539626;-0,06226929;-0,06184609;0,6510285
09:13:04.600;-11,75287;-42,42975;23,5814;0,7588053;-0,04337933;-0,0547621;0,6475599
09:13:04.672;-11,74201;-42,72586;23,71511;0,7613509;-0,0338873;-0,05372864;0,6452207
09:13:04.744;-11,71603;-43,11488;24,03525;0,7613003;-0,03834387;-0,06105647;0,6443785
09:13:04.812;-11,68144;-43,41805;24,46131;0,7595134;-0,05105432;-0,06988939;0,6447079
09:13:04.880;-11,73406;-43,48801;24,54624;0,756989;-0,07706025;-0,08661393;0,643061
09:13:04.948;-11,73618;-43,53581;24,52033;0,7544833;-0,09664885;-0,09795915;0,6417305
09:13:05.019;-11,73185;-43,54686;24,57336;0,7518438;-0,1171655;-0,1116643;0,639167
09:13:05.087;-11,65551;-43,59084;24,78071;0,7526847;-0,1283217;-0,1207099;0,6343725
09:13:05.159;-11,6491;-43,55397;24,85966;0,7535778;-0,1354558;-0,1285277;0,63028
09:13:05.229;-11,59097;-43,64643;25,57565;0,7540554;-0,141213;-0,1352214;0,6270363
09:13:05.300;-11,52194;-43,81401;26,42596;0,7526803;-0,1469786;-0,1361273;0,6271675
09:13:05.369;-11,50898;-43,84481;26,58552;0,7531413;-0,1514234;-0,1377443;0,6252005
09:13:05.437;-11,50455;-43,96083;26,64008;0,754763;-0,155323;-0,1432035;0,6210477
09:13:05.512;-11,51505;-44,2;26,51085;0,7566209;-0,16279;-0,1518616;0,6147863
09:13:05.582;-11,53989;-44,88125;26,20479;0,7575265;-0,1736477;-0,16001;0,6086025
09:13:05.649;-11,54817;-45,07336;26,10285;0,7559594;-0,1879717;-0,1631636;0,60545
09:13:05.721;-11,89909;-45,07336;26,13177;0,7534822;-0,2015279;-0,1613066;0,6046745
09:13:05.796;-11,91183;-45,36184;25,97947;0,7523611;-0,2038526;-0,1594809;0,6057745
09:13:05.867;-11,91818;-45,50622;25,90359;0,7521465;-0,2015805;-0,1602907;0,606587
09:13:05.940;-11,91818;-45,50622;25,90359;0,7515581;-0,202254;-0,1633433;0,6062778
09:13:06.017;-11,91818;-45,50622;25,90359;0,7508862;-0,204215;-0,1658093;0,6057833
09:13:06.085;-11,90037;-45,54673;26,11639;0,750591;-0,2046294;-0,1669781;0,6056883
09:13:06.153;-11,89147;-45,56685;26,22282;0,7505254;-0,203277;-0,1660652;0,6064754
09:13:06.223;-11,89592;-45,5568;26,1696;0,7511379;-0,2010587;-0,1642143;0,6069605
09:13:06.293;-11,90081;-45,33403;26,1112;0,7508166;-0,2007794;-0,1642003;0,607454
09:13:06.365;-12,14612;-43,82651;25,99759;0,7504311;-0,2038211;-0,1657368;0,6064994
09:13:06.434;-12,30659;-41,79982;26,18749;0,7503217;-0,2060492;-0,1660188;0,6058043
09:13:06.506;-12,17589;-37,69377;27,69732;0,7507688;-0,2044246;-0,1655083;0,6059404
09:13:06.580;-12,04214;-33,53907;29,24231;0,7515981;-0,2020667;-0,1635532;0,6062341
09:13:06.653;-12,06957;-31,0657;30,2474;0,7513576;-0,2032594;-0,162597;0,6063907
09:13:06.721;-12,78427;-27,54032;31,78659;0,7497822;-0,2068465;-0,1605885;0,6076615
09:13:06.792;-13,38967;-25,45353;32,54407;0,7477024;-0,2090011;-0,1603694;0,6095418
09:13:06.861;-14,20389;-23,59736;33,38554;0,7461908;-0,2107771;-0,1596737;0,6109636
09:13:06.932;-14,56201;-23,0056;33,7071;0,7452683;-0,2100801;-0,1604409;0,6121277
09:13:07.006;-14,66906;-22,96311;33,75291;0,7447879;-0,2083626;-0,1605616;0,6132667
09:13:07.079;-14,68214;-23,03535;33,63285;0,7450007;-0,2071621;-0,1603647;0,6134664
09:13:07.147;-14,70991;-23,27788;33,37809;0,7455838;-0,2049816;-0,1584684;0,613983
09:13:07.218;-14,7465;-23,70451;33,04238;0,7460651;-0,2027004;-0,157331;0,614448
09:13:07.291;-14,80193;-24,60014;32,53369;0,7454471;-0,2005119;-0,1552227;0,6164491
09:13:07.360;-14,85292;-26,97449;31,54356;0,744934;-0,1980311;-0,1514046;0,6188163
09:13:07.431;-14,87608;-29,92495;30,27215;0,7452165;-0,1962761;-0,1495418;0,6194879
09:13:07.500;-14,63118;-34,43883;29,32542;0,7449488;-0,1943907;-0,1494579;0,620424
09:13:07.571;-14,66515;-37,23405;29,00271;0,744551;-0,1950459;-0,1500088;0,6205629
09:13:07.644;-14,6701;-38,68476;28,95563;0,7447287;-0,1949914;-0,1505849;0,6202271
09:13:07.715;-14,62501;-39,07914;28,83298;0,7444707;-0,1942509;-0,1527407;0,620242
09:13:07.784;-14,45289;-39,07914;28,81505;0,744206;-0,193083;-0,1550545;0,6203504
09:13:07.852;-14,40098;-39,06861;28,75609;0,7437936;-0,1945038;-0,1565568;0,6200237
09:13:07.922;-14,38664;-38,83522;28,89513;0,7423491;-0,2000999;-0,161429;0,6187233
09:13:07.991;-14,30127;-37,17779;29,7226;0,7414771;-0,2044868;-0,1635612;0,6177739
09:13:08.065;-14,20943;-33,5274;30,61282;0,7415758;-0,2059572;-0,1608685;0,6178739
09:13:08.134;-14,24298;-31,30517;30,84162;0,7406057;-0,2077475;-0,1594684;0,6188005
09:13:08.202;-14,20828;-28,13794;31,17658;0,7387357;-0,2105969;-0,1580151;0,6204432
09:13:08.272;-14,2268;-28,04477;30,99782;0,7381557;-0,2097941;-0,1545617;0,6222727
09:13:08.343;-14,26839;-30,42556;30,59623;0,7398419;-0,202294;-0,1446903;0,6251207
09:13:08.411;-14,34873;-35,52383;29,26257;0,7408285;-0,1976895;-0,1391454;0,6266822
09:13:08.481;-14,21792;-41,07084;28,27388;0,7405062;-0,1950279;-0,1412375;0,6274287
09:13:08.548;-14,07344;-41,28377;28,55303;0,7394618;-0,195863;-0,1476163;0,6269317
09:13:08.621;-13,7428;-36,79034;29,547;0,7368348;-0,2058305;-0,1583879;0,6241967
09:13:08.702;-13,66299;-30,33325;30,35308;0,7367758;-0,2111074;-0,1571498;0,6228154
09:13:08.771;-13,61319;-27,8386;30,27696;0,7350075;-0,2125108;-0,1555292;0,624831
09:13:08.836;-13,61654;-28,39846;30,24301;0,7341444;-0,2080782;-0,1477274;0,6292154
09:13:08.908;-13,70234;-33,48211;29,37278;0,7355964;-0,1969235;-0,1348481;0,6339836
09:13:08.975;-13,82265;-39,37901;28,15257;0,7366021;-0,1924578;-0,1323259;0,6347182
09:13:09.053;-13,96399;-43,14193;26,71894;0,7350028;-0,1956923;-0,138874;0,634184
09:13:09.124;-13,94569;-41,1226;26,90463;0,7333823;-0,2026664;-0,1460357;0,6322581
09:13:09.196;-13,84005;-35,49172;28,56471;0,7321269;-0,2088537;-0,1513744;0,6304412
09:13:09.271;-14,35837;-26,98073;29,1691;0,7286454;-0,2166704;-0,1548248;0,6309985
09:13:09.338;-14,40276;-24,78939;28,73887;0,7274222;-0,2117139;-0,1483858;0,6356224
09:13:09.409;-14,42648;-28,32335;28,50892;0,7299639;-0,197003;-0,1326221;0,6409009
09:13:09.479;-14,59347;-39,66982;26,31808;0,732039;-0,1832446;-0,1236779;0,6443943
09:13:09.549;-14,65413;-48,50373;25,14857;0,7314469;-0,1813101;-0,1282276;0,6447246
09:13:09.617;-14,60207;-51,79102;25,6573;0,732464;-0,1852145;-0,1381959;0,6403859
09:13:09.686;-14,46915;-48,46475;26,37983;0,7310469;-0,1967815;-0,1572026;0,6341411
09:13:09.753;-14,60709;-39,04826;27,88997;0,7287222;-0,2096788;-0,1644196;0,6308447
09:13:09.822;-14,84819;-26,4762;27,26344;0,7218941;-0,219981;-0,1665476;0,6346173
09:13:09.895;-14,92498;-21,8532;26,53381;0,7199387;-0,2165088;-0,1560171;0,64068
09:13:09.968;-14,90244;-24,54822;26,748;0,7218705;-0,1982771;-0,1339324;0,6493468
09:13:10.037;-14,8615;-32,23816;26,5769;0,7247236;-0,1811386;-0,1206277;0,6537687
09:13:10.109;-14,86829;-44,77508;26,51217;0,7271153;-0,1724532;-0,1211682;0,6533617
09:13:10.186;-14,77372;-48,21577;27,41431;0,7275644;-0,1820526;-0,1388419;0,6467069
09:13:10.258;-14,83427;-46,15789;26,83673;0,7250237;-0,1940216;-0,1532335;0,6428185
09:13:10.331;-14,87379;-41,96363;26,45964;0,7239313;-0,2030628;-0,1564511;0,640478
09:13:10.401;-15,04;-41,08309;26,56127;0,7224229;-0,2047251;-0,1521993;0,6426727
09:13:10.470;-15,13962;-41,11578;26,73249;0,7224995;-0,2039731;-0,149422;0,6434768
09:13:10.538;-15,27713;-41,23854;27,09507;0,723107;-0,2024448;-0,1462939;0,6439957
09:13:10.607;-14,92858;-41,23854;27,0578;0,7230135;-0,2003346;-0,1477022;0,644439
09:13:10.679;-12,33718;-41,3373;26,51294;0,7218828;-0,1934129;-0,1538301;0,6463846
09:13:10.747;-6,604896;-41,79952;25,03593;0,7215856;-0,190377;-0,1568765;0,6468853
09:13:10.817;-2,607099;-41,66473;24,26942;0,7228687;-0,1915069;-0,1563851;0,645236
09:13:10.886;4,218946;-41,57313;23,88248;0,7234713;-0,191668;-0,1574485;0,6442535
09:13:10.956;8,790243;-41,57313;24,08845;0,7249157;-0,1951102;-0,1569102;0,641723
09:13:11.023;15,77982;-41,51417;24,65833;0,727187;-0,1971587;-0,1578028;0,6382992
09:13:11.095;19,20549;-41,4552;25,04935;0,7287973;-0,2018801;-0,1557228;0,6354915
09:13:11.168;24,02982;-41,28985;25,75269;0,7297186;-0,2034785;-0,1563711;0,6337628
09:13:11.242;27,36516;-41,28985;26,35502;0,7303169;-0,2071339;-0,1539763;0,6324745
09:13:11.308;29,81326;-41,28985;26,84878;0,730421;-0,207112;-0,1533744;0,6325077
09:13:11.388;32,78596;-41,27821;27,45337;0,73037;-0,2064762;-0,152685;0,6329411
09:13:11.456;35,11176;-41,26656;27,96018;0,7307959;-0,2041742;-0,1522358;0,6333045
09:13:11.527;37,49418;-41,30225;28,49494;0,7311614;-0,2041543;-0,1497843;0,6334736
09:13:11.594;38,03936;-41,27884;28,53226;0,7313278;-0,2050946;-0,1479685;0,6334044
09:13:11.668;38,03936;-41,27884;28,53226;0,7314906;-0,2057699;-0,1460707;0,6334379
09:13:11.736;37,99588;-41,37361;28,46502;0,7312734;-0,2064826;-0,1441537;0,6338957
09:13:11.806;37,83729;-41,57501;28,36646;0,7314853;-0,2082749;-0,1415613;0,6336491
09:13:11.877;37,68533;-41,93074;28,24275;0,7322409;-0,2079632;-0,1403716;0,6331432
09:13:11.947;37,6962;-42,40646;27,97222;0,731865;-0,2080037;-0,1403541;0,6335684
09:13:12.016;37,69282;-42,78781;27,75402;0,7321842;-0,2087132;-0,1404486;0,6329449
09:13:12.085;37,66177;-43,08593;27,63854;0,7313981;-0,2097829;-0,1428449;0,6329639
09:13:12.157;37,3541;-43,4801;27,3966;0,7269986;-0,2140149;-0,1487167;0,6352589
09:13:12.228;36,71461;-44,66653;26,75726;0,7187407;-0,2254762;-0,162231;0,6373801
09:13:12.298;36,62271;-45,18481;26,39114;0,7116629;-0,2355084;-0,1815087;0,6364953
09:13:12.367;36,58385;-45,22145;26,30029;0,7063318;-0,2465201;-0,1963097;0,6338657
09:13:12.438;36,47953;-45,31794;26,22152;0,7005337;-0,2594082;-0,2121432;0,6300438
09:13:12.506;36,47882;-45,42606;26,22428;0,6969211;-0,2661457;-0,2197623;0,6286271
09:13:12.576;36,47809;-45,53421;26,22713;0,6948043;-0,2690465;-0,2234969;0,6284187
09:13:12.651;36,33413;-45,6654;26,30299;0,6934262;-0,2718515;-0,227736;0,6272107
09:13:12.718;36,15887;-45,6654;26,25828;0,6919311;-0,2746289;-0,2319216;0,6261172
09:13:12.786;35,97053;-45,67688;26,26527;0,6886631;-0,2771532;-0,2361041;0,6270439
09:13:12.852;35,79523;-45,67688;26,221;0,687555;-0,2790219;-0,2366758;0,6272156
09:13:12.922;35,73362;-46,10945;26,21888;0,6875477;-0,2784094;-0,2362722;0,6276479
09:13:12.995;35,6545;-46,28875;26,28656;0,6878546;-0,2780956;-0,2358001;0,6276282
09:13:13.066;35,35187;-46,78134;26,25564;0,6873218;-0,2775522;-0,2350738;0,628724
09:13:13.138;35,01167;-47,19917;26,37784;0,6861107;-0,2783464;-0,2349547;0,6297393
09:13:13.208;34,98412;-47,43768;26,48955;0,685532;-0,278982;-0,2358282;0,6297619
09:13:13.276;34,96339;-47,61643;26,57358;0,6848664;-0,2797628;-0,2368138;0,6297698
09:13:13.357;34,96339;-47,61643;26,57358;0,6831087;-0,2813398;-0,2395554;0,6299394
09:13:13.424;34,92515;-47,64906;26,72865;0,6816018;-0,2824679;-0,2419657;0,6301457
09:13:13.493;34,89965;-47,6707;26,83206;0,6804389;-0,2832298;-0,2432469;0,6305671
09:13:13.562;34,81377;-47,90844;26,93018;0,6805751;-0,2828237;-0,2435242;0,6304953
09:13:13.633;34,59985;-48,63789;27,04842;0,6807811;-0,2819889;-0,2419857;0,6312386
09:13:13.701;34,46812;-49,24551;26,83092;0,6803047;-0,2814444;-0,2430035;0,6316042
09:13:13.768;34,36429;-49,23503;26,75081;0,6795814;-0,2821249;-0,2452775;0,6312001
09:13:13.840;34,01484;-49,23503;26,66646;0,6729348;-0,2891864;-0,2534444;0,6318986
09:13:13.913;33,3153;-49,23503;26,50034;0,6666101;-0,2975155;-0,2592412;0,6323841
09:13:13.982;31,20049;-49,24551;26,07481;0,6543856;-0,3132376;-0,2699039;0,6330984
09:13:14.051;29,28638;-49,44448;25,86802;0,6453108;-0,3223858;-0,2762748;0,6350698
09:13:14.121;27,02665;-50,81479;25,58571;0,6315027;-0,3303233;-0,2860696;0,6405115
09:13:14.187;25,86891;-52,78078;25,27287;0,6231375;-0,3356129;-0,2932155;0,6427195
09:13:14.256;25,25442;-55,15689;24,62439;0,6128985;-0,3452191;-0,3043812;0,6422859
09:13:14.328;25,0184;-57,20766;24,92984;0,5989909;-0,3552515;-0,3161539;0,644246
09:13:14.400;24,88769;-58,2928;24,63211;0,5859214;-0,3694854;-0,3242198;0,64425
09:13:14.468;24,56369;-58,74732;24,39151;0,5766982;-0,3799674;-0,32952;0,6437861
09:13:14.533;24,40287;-59,00013;24,26221;0,5704433;-0,3882922;-0,332858;0,6426734
09:13:14.597;24,2713;-59,70905;23,95737;0,5667267;-0,3926833;-0,3358578;0,6417322
09:13:14.657;24,1367;-60,69172;23,66657;0,5648298;-0,3965622;-0,3386295;0,639559
09:13:14.714;24,02487;-62,08537;23,23419;0,563619;-0,399648;-0,3412924;0,6372868
09:13:14.779;23,86533;-64,49335;22,33548;0,5610392;-0,4052987;-0,3478893;0,6324089
09:13:14.848;23,84018;-66,40928;21,73203;0,5586744;-0,4082015;-0,3538151;0,6293404
09:13:14.922;23,87624;-68,33582;21,51023;0,556024;-0,4114236;-0,3588633;0,6267257
09:13:14.990;23,92155;-70,74812;21,23161;0,5556693;-0,4121504;-0,3593633;0,6262761
09:13:15.059;23,98679;-75,00973;20,83034;0,5558801;-0,4131439;-0,359885;0,6251338
09:13:15.131;23,83605;-75,00971;21,75742;0,5577587;-0,4106472;-0,3585761;0,6258572
09:13:15.200;23,75119;-75,00971;22,27929;0,5585343;-0,4091941;-0,358159;0,6263559
09:13:15.274;23,63563;-75,00971;22,23156;0,5585792;-0,4088255;-0,3580171;0,6266376
09:13:15.342;23,43924;-75,00971;22,30293;0,5589777;-0,4096316;-0,3572745;0,6261795
09:13:15.409;23,42906;-75,00971;22,36639;0,5581768;-0,4091746;-0,3577979;0,6268936
09:13:15.479;23,42906;-75,00971;22,36639;0,5577308;-0,4095578;-0,3575263;0,6271951
09:13:15.549;23,42906;-75,00971;22,36639;0,5575075;-0,4097497;-0,3573909;0,6273455
09:13:15.617;23,42906;-75,00971;22,36639;0,5574614;-0,4103622;-0,3568586;0,6272891
09:13:15.691;23,42257;-75,00971;22,4068;0,5571631;-0,4100104;-0,3570078;0,6276991
09:13:15.758;23,42257;-75,00971;22,4068;0,5569855;-0,4095897;-0,3574046;0,6279055
09:13:15.827;23,42257;-75,00971;22,4068;0,557209;-0,4093975;-0,3575397;0,6277556
09:13:15.897;23,42257;-75,00971;22,4068;0,55681;-0,4099173;-0,3578293;0,6276055
09:13:15.964;23,42257;-75,00971;22,4068;0,55681;-0,4099173;-0,3578293;0,6276055
09:13:16.031;23,42257;-75,00971;22,4068;0,5565841;-0,4093612;-0,3576663;0,6282614
09:13:16.088;23,42257;-75,00971;22,4068;0,5563602;-0,4095536;-0,3575316;0,6284109
09:13:16.152;23,38845;-75,00971;22,61941;0,5565469;-0,4092525;-0,3569442;0,6287756
09:13:16.219;23,49971;-75,00971;22,69185;0,5560114;-0,4069921;-0,3587773;0,6296726
09:13:16.282;23,84368;-75,00971;22,84384;0,5573465;-0,4003886;-0,3632326;0,6301714
09:13:16.348;24,78924;-75,00971;23,06963;0,5634401;-0,3928533;-0,3654238;0,6282253
09:13:16.409;26,91809;-75,00974;23,55453;0,5695711;-0,3805376;-0,3687813;0,6283153
09:13:16.490;32,07969;-75,00982;24,33154;0,5732908;-0,3660561;-0,3704409;0,6325457
09:13:16.564;35,70768;-75,00974;25,07696;0,5790387;-0,3694563;-0,3573963;0,6328381
09:13:16.634;37,42724;-75,00975;25,46087;0,5800862;-0,3700385;-0,3537089;0,6336099
09:13:16.702;40,5876;-75,00977;26,11615;0,5822351;-0,3684572;-0,3548037;0,6319461
09:13:16.778;42,99935;-75,00979;26,75577;0,5839274;-0,3670209;-0,3562082;0,6304286
09:13:16.847;46,87697;-75,00983;27,8213;0,5828353;-0,3664372;-0,3570144;0,6313221
09:13:16.925;50,03837;-75,00984;28,92994;0,5820172;-0,3685344;-0,3565743;0,6311046
09:13:16.998;52,21069;-75,00981;29,72881;0,580591;-0,3695037;-0,3582374;0,6309097
09:13:17.066;54,93461;-75,00983;30,62628;0,5809829;-0,3709501;-0,360741;0,6282681
09:13:17.135;57,40268;-75,00991;31,51991;0,5804223;-0,3704701;-0,3626853;0,62795
09:13:17.204;60,83228;-75,00986;32,81822;0,5805553;-0,3724047;-0,3620853;0,6270283
09:13:17.276;63,05317;-75,00983;33,83707;0,5805337;-0,3738154;-0,3607741;0,6269647
09:13:17.347;65,00389;-75,00974;34,5746;0,5817735;-0,376365;-0,3590503;0,6252775
09:13:17.416;65,64053;-75,00972;34,52656;0,5846717;-0,378437;-0,3580787;0,6218715
09:13:17.483;65,66406;-75,00971;34,47858;0,5872598;-0,379638;-0,3568114;0,6194244
09:13:17.552;65,68162;-75,00971;34,4428;0,587467;-0,3794688;-0,3569983;0,6192238
09:13:17.619;65,5947;-75,00971;34,34137;0,5882226;-0,3801144;-0,3555293;0,6189557
09:13:17.695;65,37419;-75,00971;34,23366;0,5889335;-0,3806172;-0,3542468;0,618706
09:13:17.766;64,79881;-75,00972;34,01438;0,5899038;-0,3835107;-0,3518457;0,6173634
09:13:17.832;63,89161;-75,00973;33,92296;0,5896646;-0,3838998;-0,3502801;0,6182398
09:13:17.902;61,95683;-75,00972;33,88092;0,5879683;-0,3826399;-0,3492743;0,6211984
09:13:17.975;60,74918;-75,00972;33,44907;0,5869967;-0,3823301;-0,3494969;0,622182
09:13:18.042;58,29864;-75,00974;32,37209;0,5867739;-0,3844868;-0,3479026;0,6219567
09:13:18.111;56,38657;-75,00974;31,74279;0,5850395;-0,3849986;-0,3472769;0,6236213
09:13:18.183;53,13053;-75,00974;31,06471;0,5843642;-0,3834451;-0,34719;0,625258
09:13:18.253;51,09314;-75,00973;30,46582;0,5819015;-0,381008;-0,3495744;0,6277111
09:13:18.324;48,16862;-75,00974;29,48792;0,5762839;-0,3799968;-0,3512952;0,6325275
09:13:18.395;45,51687;-75,00974;28,65291;0,5735003;-0,3814738;-0,3504019;0,6346602
09:13:18.466;41,83332;-75,00974;27,89949;0,5700696;-0,3829399;-0,3485202;0,637896
09:13:18.536;38,64865;-75,00974;27,43708;0,5682474;-0,3839324;-0,3474021;0,639533
09:13:18.602;34,88243;-75,00974;26,65127;0,5656075;-0,3831215;-0,3477304;0,6421757
09:13:18.675;32,47992;-75,00974;26,12163;0,5618411;-0,3831556;-0,3492607;0,6446266
09:13:18.738;28,47259;-75,00976;25,36075;0,5574123;-0,3841353;-0,3493753;0,6478183
09:13:18.793;26,5225;-75,00976;25,02656;0,555308;-0,3846326;-0,3502374;0,648864
09:13:18.857;23,79379;-75,00975;24,62995;0,5516782;-0,3852564;-0,351104;0,651118
09:13:18.921;19,61131;-75,0098;24,2719;0,5474276;-0,3876802;-0,3493018;0,6542288
09:13:18.985;14,95869;-75,00987;23,93175;0,5479004;-0,3901711;-0,3450063;0,6546314
09:13:19.052;9,366756;-75,00987;23,46157;0,550368;-0,3852524;-0,3425114;0,6567813
09:13:19.114;3,93987;-75,00984;23,21257;0,5536299;-0,3738389;-0,3469992;0,658278
09:13:19.181;-0,6567234;-75,00974;23,16059;0,5525857;-0,3593102;-0,3557116;0,6625817
09:13:19.258;-2,866591;-75,00975;23,13345;0,5511553;-0,3568487;-0,3568014;0,6645146
09:13:19.329;-7,279963;-75,00979;23,35506;0,5490075;-0,3577213;-0,3556832;0,6664201
09:13:19.399;-11,74527;-75,00977;23,67507;0,5469998;-0,3546265;-0,3584865;0,6682205
09:13:19.465;-13,64662;-75,00973;23,85545;0,54321;-0,3500307;-0,3624811;0,6715719
09:13:19.535;-15,66537;-75,00977;24,06036;0,5369839;-0,3495797;-0,3642501;0,6758433
09:13:19.600;-19,21837;-75,00978;24,504;0,5347745;-0,3502859;-0,3640639;0,6773282
09:13:19.672;-21,28653;-75,00974;24,79548;0,5324213;-0,3484343;-0,365723;0,6792406
09:13:19.741;-23,41789;-75,00974;25,07306;0,5280106;-0,3467945;-0,3676727;0,6824626
09:13:19.804;-25,18352;-75,00974;25,37284;0,5254171;-0,3466378;-0,3674698;0,6846495
09:13:19.875;-27,5037;-75,00977;25,63615;0,5238547;-0,3473311;-0,3678207;0,6853067
09:13:19.944;-30,52425;-75,00976;26,08607;0,5234211;-0,3449444;-0,3686142;0,6864162
09:13:20.012;-32,2185;-75,00974;26,46017;0,5225032;-0,3423213;-0,3694096;0,6879994
09:13:20.080;-34,89645;-75,00976;27,09493;0,5210891;-0,3400695;-0,369765;0,6899948
09:13:20.149;-36,17618;-75,00972;27,40342;0,5198492;-0,3368248;-0,3707701;0,6919793
09:13:20.218;-36,9291;-75,00972;27,59882;0,5164297;-0,3332059;-0,3722931;0,6954654
09:13:20.287;-38,0699;-75,00972;27,73547;0,5130253;-0,3322139;-0,373301;0,697915
09:13:20.358;-39,03391;-75,00973;27,84602;0,5113162;-0,332838;-0,3736924;0,698662
09:13:20.428;-40,88208;-75,00974;28,14797;0,5089473;-0,334739;-0,3735309;0,6995692
09:13:20.497;-42,68708;-75,00975;28,40518;0,5076191;-0,3351773;-0,3737416;0,7002116
09:13:20.567;-45,13978;-75,00977;28,8371;0,5066849;-0,3337189;-0,3739831;0,7014548
09:13:20.636;-46,88615;-75,00974;29,13004;0,5056759;-0,3305686;-0,3750955;0,7030786
09:13:20.708;-48,59257;-75,00972;29,37409;0,5033243;-0,3264637;-0,3777819;0,7052425
09:13:20.778;-49,26814;-75,00972;29,09816;0,501597;-0,3241963;-0,3792589;0,7067248
09:13:20.846;-49,81031;-75,00972;28,66274;0,4990578;-0,3221212;-0,3811166;0,7084697
09:13:20.916;-50,22455;-75,00971;28,41119;0,4972897;-0,3208496;-0,3815872;0,710035
09:13:20.983;-50,36235;-75,00971;28,38936;0,4974643;-0,3199437;-0,3797785;0,7112901
09:13:21.049;-50,36235;-75,00971;28,38936;0,4972037;-0,3179333;-0,3797539;0,712386
09:13:21.118;-50,3048;-75,00971;28,36866;0,4966962;-0,3147728;-0,3810787;0,7134354
09:13:21.189;-50,3048;-75,00971;28,36866;0,4961904;-0,3132713;-0,3820356;0,7139363
09:13:21.263;-49,94123;-75,00972;28,29561;0,4951766;-0,3100573;-0,3832701;0,71538
09:13:21.333;-49,21808;-75,00974;28,32477;0,4944417;-0,3082406;-0,3834947;0,7165521
09:13:21.401;-47,51932;-75,00973;28,39252;0,4946286;-0,3054045;-0,3829171;0,717945
09:13:21.469;-46,35681;-75,00974;28,22991;0,5006216;-0,3054758;-0,3815506;0,71448
09:13:21.537;-44,49287;-75,00977;27,6834;0,5023426;-0,3007537;-0,3829733;0,7145143
09:13:21.606;-41,05245;-75,0098;26,69717;0,5018566;-0,2968429;-0,3829575;0,7164969
09:13:21.678;-37,9826;-75,00978;26,20584;0,5017372;-0,2960221;-0,3809897;0,7179677
09:13:21.745;-34,11142;-75,00978;25,2275;0,5023912;-0,3020369;-0,3767272;0,7172541
09:13:21.815;-31,5165;-75,00975;24,63379;0,5033168;-0,3065596;-0,3745396;0,7158306
09:13:21.884;-28,19906;-75,00978;23,94622;0,507772;-0,3094653;-0,3723591;0,712564
09:13:21.955;-24,86667;-75,00982;23,33522;0,5079871;-0,308829;-0,3728416;0,7124344
09:13:22.034;-20,14362;-75,0098;22,60408;0,5087495;-0,314257;-0,3698963;0,7110507
09:13:22.106;-15,81899;-75,0098;22,08489;0,511449;-0,3191986;-0,3669503;0,7084346
09:13:22.178;-10,87912;-75,00984;21,63474;0,5106467;-0,3228883;-0,3696925;0,7059112
09:13:22.247;-7,194048;-75,00986;21,44803;0,5109286;-0,3278225;-0,3701004;0,7032141
09:13:22.316;-3,56722;-75,00991;21,34207;0,5111449;-0,330492;-0,372013;0,700794
09:13:22.397;2,962697;-75,00993;21,32864;0,5108575;-0,3329161;-0,3739018;0,6988483
09:13:22.465;7,494696;-75,00986;21,48991;0,5166684;-0,33892;-0,3706538;0,6933994
09:13:22.526;11,1113;-75,00991;21,77319;0,5199915;-0,3385707;-0,3707289;0,6910419
09:13:22.586;14,90566;-75,00984;22,09684;0,5213483;-0,3391341;-0,3704812;0,6898752
09:13:22.649;17,91576;-75,00979;22,38114;0,5258518;-0,3417395;-0,3677887;0,6866043
09:13:22.713;20,91287;-75,0098;22,78032;0,5303449;-0,3424537;-0,3671977;0,6831
09:13:22.797;25,34129;-75,0098;23,43091;0,5335431;-0,3416429;-0,3672639;0,6809767
09:13:22.858;28,5604;-75,00979;23,99019;0,5358383;-0,343217;-0,3653998;0,6793838
09:13:22.921;32,17203;-75,00976;24,75191;0,5391328;-0,3467148;-0,3617689;0,6769401
09:13:22.987;34,46939;-75,00976;25,54937;0,5393354;-0,3475017;-0,3605776;0,6770109
09:13:23.058;37,20895;-75,00977;26,29428;0,5402392;-0,3485563;-0,3587445;0,6767219
09:13:23.126;40,41188;-75,00974;27,17205;0,5432168;-0,3506613;-0,3575924;0,6738545
09:13:23.201;44,3018;-75,0098;28,28748;0,5487922;-0,3485536;-0,3599901;0,6691372
09:13:23.273;47,81359;-75,0098;29,21926;0,5523875;-0,3476721;-0,3615395;0,6657938
09:13:23.344;51,11723;-75,00973;30,22654;0,5573583;-0,3481338;-0,3601786;0,6621374
09:13:23.412;51,85484;-75,00971;30,50177;0,5613206;-0,3502128;-0,3572434;0,6592779
09:13:23.484;51,85484;-75,00971;30,50177;0,5632605;-0,3532395;-0,3543676;0,6575584
09:13:23.563;51,84982;-75,00971;30,5151;0,5653803;-0,3570075;-0,3497998;0,6561485
09:13:23.631;51,79777;-75,00971;30,48148;0,5663611;-0,3584766;-0,347645;0,6556467
09:13:23.703;51,79777;-75,00971;30,48148;0,5678212;-0,3594935;-0,3443713;0,6555547
09:13:23.774;51,79777;-75,00971;30,48148;0,5686842;-0,3590688;-0,341725;0,6564236
09:13:23.843;51,79777;-75,00971;30,48148;0,5667107;-0,3574447;-0,3418627;0,6589401
09:13:23.914;51,79777;-75,00971;30,48148;0,5659912;-0,3564797;-0,341309;0,6603668
09:13:23.979;51,79777;-75,00971;30,48148;0,5613977;-0,3551227;-0,3406262;0,6653528
09:13:24.049;51,74107;-75,00971;30,46019;0,5568832;-0,3548829;-0,3404461;0,6693547
09:13:24.116;51,74107;-75,00971;30,46019;0,5502729;-0,353879;-0,3411281;0,6749822
09:13:24.184;51,54318;-75,00971;30,47071;0,532517;-0,349287;-0,3437932;0,6900946
09:13:24.250;50,76851;-75,00972;30,29746;0,4965038;-0,3435439;-0,3516398;0,7154097
09:13:24.316;49,71331;-75,00987;30,01455;0,4483637;-0,33292;-0,3595622;0,7475622
09:13:24.399;48,68806;-75,00974;29,65039;0,3731797;-0,3100231;-0,3660201;0,7941359
09:13:24.467;48,52141;-75,00971;29,57761;0,3448781;-0,297345;-0,3625552;0,8131413
09:13:24.534;47,85359;-75,00974;29,28896;0,3034965;-0,2841546;-0,3620328;0,8343131
09:13:24.605;46,76148;-75,00973;28,93187;0,2658109;-0,2776143;-0,3483625;0,8549377
09:13:24.680;45,91748;-75,00975;28,59494;0,2700543;-0,2957942;-0,3161632;0,86001
09:13:24.747;44,42073;-75,0098;28,11203;0,2706628;-0,3023046;-0,29067;0,8665244
09:13:24.811;42,73483;-75,00986;27,20947;0,2677324;-0,2974145;-0,2705211;0,875604
09:13:24.880;40,52563;-75,00981;26,11168;0,262953;-0,288152;-0,241847;0,8884448
09:13:24.949;39,81244;-75,00971;25,95223;0,2595775;-0,2787795;-0,2200612;0,8980393
09:13:25.019;39,76537;-75,00971;26,12057;0,2574975;-0,2717926;-0,2053551;0,9042417
09:13:25.085;39,77986;-75,00971;26,06875;0,2568603;-0,2713948;-0,2012326;0,9054685
09:13:25.166;39,07375;-75,00973;25,88717;0,2575788;-0,2759624;-0,1997673;0,9042073
09:13:25.235;38,66352;-75,00971;25,77529;0,2581075;-0,2766899;-0,2021406;0,9033064
09:13:25.302;38,37031;-75,00971;25,6961;0,2582607;-0,2755818;-0,2038712;0,9032124
09:13:25.368;38,20822;-75,00971;25,5969;0,2579097;-0,2745893;-0,2025446;0,9039131
09:13:25.439;37,44799;-75,00971;25,38167;0,2577907;-0,2739285;-0,1997729;0,904764
09:13:25.508;37,15396;-75,00971;25,30498;0,2575185;-0,2720749;-0,1985873;0,9056614
09:13:25.580;37,08501;-75,00971;25,3288;0,2571026;-0,2692628;-0,1968617;0,9069958
09:13:25.650;36,7266;-75,00974;25,01416;0,2560858;-0,2662444;-0,1943013;0,9087249
09:13:25.718;35,82238;-75,00982;23,85737;0,2541257;-0,2626538;-0,1943423;0,9103099
09:13:25.790;34,13499;-75,01038;21,38219;0,2501828;-0,2547418;-0,2004851;0,9123162
09:13:25.860;31,91603;-73,96738;18,39738;0,2460755;-0,2518887;-0,2050577;0,9132088
09:13:25.933;31,03637;-72,40785;16,40388;0,2423334;-0,2498622;-0,2044235;0,9149068
09:13:26.000;29,88016;-69,3895;12,9611;0,2354291;-0,2512832;-0,202059;0,9168435
09:13:26.069;28,17591;-66,8561;9,150311;0,2292593;-0,2559385;-0,2032351;0,9168594
09:13:26.137;26,33434;-64,1856;5,122027;0,222489;-0,2572822;-0,202205;0,9183778
09:13:26.209;23,04597;-61,88812;0,5873643;0,2161163;-0,2520321;-0,1946184;0,9229828
09:13:26.282;21,25118;-60,49266;-3,624438;0,2110958;-0,2397291;-0,1923361;0,9278876
09:13:26.351;21,26305;-59,56041;-6,077159;0,2072302;-0,2330218;-0,1909362;0,9307523
09:13:26.419;21,28731;-59,29445;-7,479874;0,2056535;-0,2262772;-0,1900838;0,932938
09:13:26.487;21,37137;-60,06346;-8,174236;0,2156995;-0,2180834;-0,1963606;0,9313194
09:13:26.554;21,32971;-60,89485;-8,439354;0,2286554;-0,2130933;-0,2095542;0,9264961
09:13:26.620;21,10347;-61,04008;-8,397342;0,2333192;-0,2087392;-0,2286588;0,9217946
09:13:26.689;20,96725;-61,3172;-7,871965;0,2375187;-0,2060983;-0,235511;0,9195884
09:13:26.767;20,70329;-62,82914;-6,881739;0,2466684;-0,1990288;-0,2427023;0,916863
09:13:26.837;20,67026;-63,98568;-6,60219;0,2511866;-0,1949261;-0,2492045;0,9147711
09:13:26.904;20,64649;-65,05057;-6,401007;0,2521861;-0,1929753;-0,2552089;0,913253
09:13:26.971;20,6373;-65,77621;-6,323176;0,2520268;-0,1932819;-0,2586656;0,9122591
09:13:27.041;20,55777;-66,14878;-6,266275;0,2523583;-0,1952211;-0,2638038;0,9102811
09:13:27.111;20,55777;-66,14878;-6,266275;0,2524107;-0,1963712;-0,2672367;0,9090169
09:13:27.181;20,55777;-66,14878;-6,266275;0,2517964;-0,1983484;-0,2697825;0,9080055
09:13:27.253;20,55777;-66,14878;-6,266275;0,251768;-0,1991357;-0,2701345;0,9077363
09:13:27.325;20,55777;-66,14878;-6,266275;0,2529193;-0,1992895;-0,2693088;0,9076278
09:13:27.396;20,55609;-66,0963;-6,251995;0,2668008;-0,2029968;-0,2650838;0,9040687
09:13:27.465;20,48429;-66,0963;-6,260432;0,3076501;-0,2135109;-0,2535587;0,8918927
09:13:27.533;19,76613;-66,0963;-6,343187;0,3320072;-0,2204608;-0,2418047;0,8847026
09:13:27.601;18,48327;-66,05779;-6,585762;0,3646127;-0,2253959;-0,2240982;0,8752338
09:13:27.670;17,11739;-66,11027;-6,739139;0,3850715;-0,2245686;-0,2114677;0,8698105
09:13:27.736;16,83424;-66,09097;-6,817624;0,4132315;-0,2232552;-0,201197;0,8596026
09:13:27.809;16,71735;-65,62868;-7,884153;0,4412159;-0,2252169;-0,1986415;0,8456638
09:13:27.883;16,14761;-65,27016;-8,85107;0,4525927;-0,2296589;-0,1998401;0,8381411
09:13:27.952;16,09299;-65,18959;-9,058737;0,4575173;-0,2328662;-0,2011697;0,8342554
09:13:28.019;15,80564;-65,1694;-9,135214;0,4720761;-0,2402322;-0,1991035;0,8244941
09:13:28.090;15,58227;-65,18959;-9,104323;0,4891908;-0,2473499;-0,1939442;0,81357
09:13:28.159;15,13583;-65,22992;-9,041677;0,5093359;-0,2553027;-0,1879961;0,8000343
09:13:28.228;15,12847;-65,32264;-8,95542;0,5157174;-0,2592711;-0,1881204;0,7946224
09:13:28.300;15,19642;-65,52027;-8,891425;0,5165047;-0,2648658;-0,1930191;0,7910832
09:13:28.370;15,2693;-65,52027;-8,885161;0,5157959;-0,2689374;-0,1989949;0,7886877
09:13:28.436;15,2693;-65,52027;-8,885161;0,5150952;-0,2737697;-0,2013571;0,7868814
09:13:28.506;15,17484;-65,62032;-8,63975;0,5100236;-0,2834258;-0,2009961;0,7868585
09:13:28.580;15,14028;-65,77934;-8,236648;0,4607567;-0,2853115;-0,2096637;0,8138438
09:13:28.649;15,33178;-65,89772;-7,915205;0,4118364;-0,2833411;-0,2215735;0,8372657
09:13:28.719;15,40426;-65,89772;-7,908885;0,3722615;-0,2795667;-0,2327263;0,8538749
09:13:28.788;15,40426;-65,89772;-7,908885;0,3235305;-0,2702759;-0,2500051;0,8716516
09:13:28.857;15,40426;-65,89772;-7,908885;0,2823111;-0,2630072;-0,2622898;0,8844952
09:13:28.925;15,34056;-65,85835;-8,016114;0,2432266;-0,2623623;-0,2741712;0,8926572
09:13:28.997;15,26804;-65,85835;-8,022407;0,2232813;-0,2634481;-0,281785;0,8951747
09:13:29.065;15,26367;-65,87804;-7,971955;0,223035;-0,270088;-0,2798375;0,8938674
09:13:29.133;15,11866;-65,87804;-7,984448;0,2226952;-0,2733514;-0,2762045;0,89409
09:13:29.200;15,04615;-65,87804;-7,99065;0,2221718;-0,2733988;-0,2712055;0,8957345
09:13:29.267;15,04736;-65,93054;-8,004892;0,2220808;-0,2703676;-0,2697902;0,8971035
09:13:29.335;15,04736;-65,93054;-8,004892;0,222183;-0,2678314;-0,2700715;0,8977541
09:13:29.402;15,11677;-66,00273;-7,962446;0,2221999;-0,2654855;-0,2694391;0,8986363
09:13:29.471;15,16126;-66,24494;-7,631133;0,222734;-0,2624115;-0,2685152;0,8996829
09:13:29.539;15,11477;-67,14692;-7,091515;0,2236063;-0,2579089;-0,2642219;0,9020366
09:13:29.609;15,07141;-68,20366;-6,588152;0,2239024;-0,2511137;-0,2595467;0,9052321
09:13:29.680;15,06366;-69,16043;-6,498258;0,2250644;-0,2399276;-0,2564497;0,9088533
09:13:29.748;15,0648;-69,2132;-6,511494;0,2250242;-0,2345652;-0,2538569;0,9109885
09:13:29.820;15,0648;-69,2132;-6,511494;0,2251961;-0,2283345;-0,2528067;0,9128192
09:13:29.892;15,06918;-69,19437;-6,562276;0,2253584;-0,2261579;-0,254375;0,9128853
09:13:29.965;15,06918;-69,19437;-6,562276;0,2256153;-0,2264036;-0,2574599;0,9118956
09:13:30.034;15,06918;-69,19437;-6,562276;0,2258655;-0,2258792;-0,2601695;0,9111944
09:13:30.100;15,06918;-69,19437;-6,562276;0,2261073;-0,2238173;-0,2621312;0,911081
09:13:30.168;15,06918;-69,19437;-6,562276;0,2261481;-0,2224492;-0,2619595;0,9114552
09:13:30.235;15,06918;-69,19437;-6,562276;0,2261498;-0,2216808;-0,2615853;0,9117494
09:13:30.304;14,99725;-69,19437;-6,568458;0,2261651;-0,2216999;-0,2609624;0,9119195
09:13:30.379;14,99725;-69,19437;-6,568458;0,2261676;-0,2209312;-0,2605876;0,9122126
09:13:30.448;15,00161;-69,17551;-6,619235;0,2261558;-0,2188435;-0,2602198;0,9128235
09:13:30.516;15,00596;-69,15664;-6,670004;0,2262328;-0,215553;-0,2602518;0,9135779
09:13:30.584;15,04945;-68,96677;-7,177273;0,2256849;-0,2122056;-0,2601842;0,9145159
09:13:30.650;15,10155;-68,73618;-7,784973;0,2250626;-0,211217;-0,2614307;0,9145426
09:13:30.718;15,0082;-68,50262;-8,403944;0,2242932;-0,2107928;-0,2610173;0,9149475
09:13:30.783;14,95685;-68,40443;-8,662527;0,2240077;-0,2074597;-0,2580578;0,9166172
09:13:30.850;14,99946;-68,20649;-9,166779;0,2234724;-0,2054688;-0,2581674;0,9171653
09:13:30.920;15,03775;-68,02658;-9,619915;0,2229811;-0,2041984;-0,2584742;0,9174822
09:13:30.987;15,04625;-67,98637;-9,720522;0,2229544;-0,2038684;-0,2596168;0,9172394
09:13:31.068;15,00797;-68,16666;-9,267532;0,2235587;-0,2048801;-0,2606654;0,9165692
09:13:31.137;14,92606;-68,71961;-8,298133;0,2241132;-0,2063749;-0,2594413;0,9164458
09:13:31.209;14,79264;-69,95245;-6,719108;0,2261113;-0,2119052;-0,2599299;0,9145525
09:13:31.279;14,6949;-70,89227;-5,562366;0,2278714;-0,2171486;-0,2618936;0,9123228
09:13:31.351;14,56968;-71,64349;-4,080356;0,22989;-0,2241672;-0,2632868;0,9097141
09:13:31.420;14,43836;-72,11793;-3,367902;0,2317128;-0,229381;-0,2639772;0,9077497
09:13:31.492;14,07741;-71,85517;-4,172006;0,2311257;-0,2324191;-0,2658105;0,9065909
09:13:31.562;13,90087;-70,66633;-7,355364;0,2268986;-0,2294788;-0,2729382;0,9062898
09:13:31.631;13,97306;-70,09057;-8,267922;0,2263487;-0,2202623;-0,272348;0,908888
09:13:31.702;13,79152;-72,24121;-5,066224;0,2298552;-0,2086771;-0,2606299;0,9141622
09:13:31.769;13,71658;-74,68274;-4,123937;0,2322729;-0,2130153;-0,2611524;0,9123997
09:13:31.845;13,85208;-73,02171;-6,738667;0,2286607;-0,2224738;-0,2736667;0,9073732
09:13:31.913;13,8073;-71,63063;-7,09028;0,2278669;-0,2185359;-0,273773;0,9084972
09:13:31.981;13,32363;-73,10927;-4,580576;0,2316814;-0,221912;-0,265058;0,9092981
09:13:32.050;13,38856;-72,92958;-5,423304;0,2306718;-0,2275954;-0,2665582;0,9077101
09:13:32.119;13,43091;-72,67693;-5,973034;0,2293561;-0,2232252;-0,268162;0,9086558
09:13:32.187;13,29359;-73,03738;-5,122002;0,230557;-0,2228254;-0,2660064;0,9090835
09:13:32.270;13,41002;-72,43781;-6,64129;0,2284098;-0,2249955;-0,2668062;0,9088567
09:13:32.340;13,20607;-72,83775;-5,860357;0,2294925;-0,2224273;-0,263261;0,9102488
09:13:32.412;12,85451;-72,74825;-5,977251;0,2300739;-0,229313;-0,2624041;0,9086394
09:13:32.483;12,55303;-72,82103;-5,793884;0,2298999;-0,2305052;-0,2621925;0,9084429
09:13:32.552;12,31585;-73,33906;-4,485439;0,2316275;-0,2349537;-0,2601884;0,9074401
09:13:32.619;12,01453;-73,47992;-4,260949;0,2326931;-0,2455098;-0,2591646;0,9046616
09:13:32.691;11,04455;-73,18001;-4,701694;0,2327933;-0,2573009;-0,2586059;0,9015135
09:13:32.766;9,538022;-71,88336;-5,87941;0,2322867;-0,2544088;-0,2606972;0,9018626
09:13:32.834;9,494335;-74,11329;-2,506858;0,2368058;-0,2456575;-0,2518569;0,9056178
09:13:32.903;9,422396;-75,00971;0,03708578;0,2414693;-0,248736;-0,254604;0,9027734
09:13:32.973;9,113502;-74,75493;-0,6714019;0,2410321;-0,2562327;-0,2615364;0,8988031
09:13:33.044;8,194559;-74,70927;1,017668;0,2435797;-0,255673;-0,2582268;0,8992326
09:13:33.112;8,756331;-75,00977;5,952775;0,249406;-0,2464746;-0,2482345;0,9030097
09:13:33.181;9,187894;-75,01029;5,426508;0,2486963;-0,2456625;-0,2575087;0,9008271
09:13:33.248;8,848601;-73,74377;4,241499;0,2468377;-0,2462923;-0,2572632;0,9012363
09:13:33.317;8,733086;-74,80974;6,383884;0,2491297;-0,2434433;-0,2473491;0,9041505
09:13:33.385;8,639384;-75,00971;8,121707;0,2519364;-0,2390008;-0,248634;0,9042056
09:13:33.456;8,685589;-74,43851;6,023264;0,2492166;-0,236381;-0,2591079;0,902706
09:13:33.529;8,306614;-72,9808;5,580215;0,248102;-0,2331722;-0,2569239;0,9044701
09:13:33.600;8,31088;-75,00987;9,350301;0,2518145;-0,2238045;-0,248286;0,9082153
09:13:33.668;8,42118;-75,00971;9,742505;0,2525921;-0,2153832;-0,2543758;0,9083503
09:13:33.736;8,520279;-74,84261;7,876032;0,2577835;-0,2018988;-0,261071;0,9080895
09:13:33.805;8,665574;-74,15418;5,139494;0,2806717;-0,1830969;-0,2570254;0,9064419
09:13:33.880;8,133984;-73,75948;3,640953;0,3028754;-0,1589908;-0,2496438;0,9059064
09:13:33.951;7,489778;-73,55585;2,876673;0,315988;-0,1402787;-0,2477043;0,9050503
09:13:34.020;7,356013;-73,54115;2,81831;0,3277764;-0,118819;-0,2451558;0,9046233
09:13:34.090;7,215319;-73,57053;2,916844;0,3300214;-0,1098652;-0,2441866;0,9052008
09:13:34.159;7,075339;-73,65272;3,002702;0,3301617;-0,1061386;-0,2458598;0,9051413
09:13:34.237;7,075339;-73,65272;3,002702;0,3293811;-0,105657;-0,2486866;0,9047097
09:13:34.306;7,075339;-73,65272;3,002702;0,3290655;-0,1093493;-0,2512279;0,9036831
09:13:34.376;7,075339;-73,65272;3,002702;0,3282407;-0,1156449;-0,2521195;0,9029508
09:13:34.447;7,068028;-73,86973;3,173553;0,3206055;-0,1235194;-0,2524299;0,904563
09:13:34.518;7,066334;-73,93716;3,21313;0,3139869;-0,1299222;-0,2552866;0,9051857
09:13:34.589;7,066334;-73,93716;3,21313;0,3068844;-0,1369743;-0,2569035;0,9061239
09:13:34.665;7,069117;-73,97552;3,148106;0,3022085;-0,1439259;-0,2561236;0,9068385
09:13:34.736;7,069117;-73,97552;3,148106;0,3022743;-0,1465283;-0,2538799;0,9070307
09:13:34.806;7,071283;-74,18718;3,097471;0,3023931;-0,1449345;-0,2512067;0,907991
09:13:34.875;7,003331;-74,18718;3,094578;0,3024921;-0,1447233;-0,2499873;0,9083282
09:13:34.946;6,938102;-74,22556;3,0268;0,3025726;-0,1455764;-0,2479371;0,9087269
09:13:35.017;6,269087;-74,25832;2,713032;0,3005918;-0,1479515;-0,2457053;0,9096064
09:13:35.084;5,486073;-73,9606;1,639492;0,2965594;-0,1490855;-0,2469674;0,9104028
09:13:35.157;5,033985;-73,63245;0,6988143;0,2933837;-0,1500013;-0,2482047;0,9109446
09:13:35.234;3,209736;-73,02885;-1,321035;0,2864687;-0,1543341;-0,24999;0,9119329
09:13:35.302;1,840387;-72,06406;-3,784239;0,2826732;-0,1556028;-0,2524953;0,9122114
09:13:35.371;1,572836;-71,35803;-5,508898;0,2801217;-0,1550675;-0,2522828;0,913148
09:13:35.443;1,234122;-70,26849;-8,192924;0,2780702;-0,1576706;-0,2518416;0,913451
09:13:35.516;1,100272;-69,38853;-10,0322;0,2770559;-0,1575502;-0,2504675;0,9141575
09:13:35.583;1,112089;-68,61838;-11,948;0,2759954;-0,1554223;-0,2462981;0,9159737
09:13:35.653;1,118896;-68,15897;-13,05162;0,2757087;-0,1518223;-0,2436394;0,9173737
09:13:35.722;1,120131;-68,07439;-13,25183;0,2761028;-0,1471641;-0,2395601;0,919087
09:13:35.792;0,9691763;-68,20115;-12,95232;0,2765416;-0,1463784;-0,2398926;0,9189938
09:13:35.865;0;-68,61838;-11,95143;0,2783397;-0,1438296;-0,2405703;0,9186762
09:13:35.933;-0,5169498;-68,90557;-11,24624;0,2857845;-0,1356591;-0,2420436;0,9172452
09:13:36.002;-0,5157174;-69,19385;-10,81808;0,2966026;-0,122808;-0,2453638;0,9147359
09:13:36.073;-0,5151374;-69,50613;-10,61658;0,3018089;-0,114844;-0,2477473;0,9134241
09:13:36.144;-0,5138925;-70,71875;-10,18408;0,3037615;-0,1092669;-0,2499692;0,9128554
09:13:36.216;-0,5131385;-71,74498;-9,922112;0,3072566;-0,1093038;-0,2547108;0,9103672
09:13:36.284;-0,5114899;-72,88707;-9,349368;0,308258;-0,1098;-0,2609405;0,9082021
09:13:36.356;-0,5106501;-73,57281;-9,05761;0,3089314;-0,1120091;-0,2682186;0,9055794
09:13:36.424;-0,5102872;-74,53928;-8,931523;0,3088414;-0,1145735;-0,27707;0,9026196
09:13:36.492;-0,5103704;-75,00973;-8,96043;0,3083273;-0,1180365;-0,2812579;0,9010525
09:13:36.572;-0,5097608;-75,00971;-8,748645;0,3070014;-0,1253333;-0,2854224;0,8992084
09:13:36.639;-0,5097608;-75,00971;-8,748645;0,3066496;-0,1287269;-0,2874474;0,8982034
09:13:36.708;-0,4367128;-75,00971;-8,657586;0,3065139;-0,1304213;-0,2870822;0,8981221
09:13:36.776;-0,4367128;-75,00971;-8,657586;0,3059358;-0,1326596;-0,284383;0,8988498
09:13:36.847;-0,4370167;-75,00971;-8,780768;0,3058922;-0,1373622;-0,2784165;0,9000255
09:13:36.919;-0,4381473;-75,00974;-9,239018;0,2946035;-0,1398498;-0,2734696;0,9049117
09:13:36.985;-0,5117574;-75,00972;-9,442288;0,2879877;-0,1436782;-0,2626098;0,909646
09:13:37.060;-0,5129276;-75,00973;-9,848844;0,2861551;-0,1428321;-0,2556258;0,912343
09:13:37.128;-0,4402786;-75,00975;-10,10288;0,2856666;-0,1398376;-0,2538203;0,9134634
09:13:37.198;-0,2935193;-75,00971;-10,10318;0,2834179;-0,1368142;-0,2543114;0,9144845
09:13:37.266;0;-75,00971;-10,10343;0,2809488;-0,1343343;-0,2578202;0,9146315
09:13:37.339;0,3667728;-75,00982;-10,04167;0,2801926;-0,1318544;-0,2622975;0,913951
09:13:37.407;0,66019;-75,00982;-10,04083;0,2800214;-0,130021;-0,2654513;0,9133554
09:13:37.476;0,7335441;-75,00971;-10,04054;0,2799691;-0,1289331;-0,2690122;0,9124835
09:13:37.547;0,7332038;-75,00971;-9,957788;0,2793815;-0,1275579;-0,2737683;0,9114416
09:13:37.617;0,7320715;-75,00249;-9,682432;0,2799542;-0,1275124;-0,2772205;0,910228
09:13:37.689;0,6556643;-75,00976;-8,817928;0,2782204;-0,1293419;-0,2821897;0,9089736
09:13:37.758;0,07268851;-75,00975;-8,422121;0,2732028;-0,133578;-0,2858392;0,9087426
09:13:37.830;-0,4363822;-75,00971;-8,523578;0,2720832;-0,1382925;-0,2892765;0,9072844
09:13:37.901;-0,4367595;-75,00972;-8,67649;0,2719714;-0,1386335;-0,2904105;0,9069036
09:13:37.970;-0,5096992;-75,00973;-8,72725;0,2719752;-0,1403492;-0,2888004;0,9071527
09:13:38.041;-0,9469677;-75,00975;-8,797795;0,2705688;-0,1425323;-0,2852502;0,9083554
09:13:38.113;-1,311338;-75,00972;-8,816781;0,2709883;-0,1428548;-0,2807146;0,9095917
09:13:38.187;-1,312548;-75,00971;-8,980195;0,2710368;-0,1419719;-0,2777835;0,9106148
09:13:38.257;-1,312925;-75,00971;-9,03111;0,2711337;-0,1407195;-0,2758345;0,9113725
09:13:38.330;-1,313081;-75,00971;-9,052286;0,271179;-0,1406271;-0,2733131;0,9121326
09:13:38.399;-1,313081;-75,00971;-9,052286;0,2712822;-0,1394935;-0,2717574;0,9127406
09:13:38.466;-1,313081;-75,00971;-9,052286;0,2713235;-0,1388857;-0,2719495;0,9127638
09:13:38.538;-1,313081;-75,00971;-9,052286;0,2712593;-0,1394114;-0,2736975;0,9121801
09:13:38.608;-1,313081;-75,00971;-9,052286;0,2712329;-0,1393287;-0,2756367;0,9116165
09:13:38.684;-1,312925;-75,00971;-9,03111;0,2711201;-0,1402028;-0,2785463;0,9106311
09:13:38.760;-1,386492;-75,00973;-9,111099;0,265595;-0,1427939;-0,2816316;0,9109077
09:13:38.830;-1,608532;-75,00982;-9,454668;0,2643204;-0,1450261;-0,2818036;0,9108726
09:13:38.899;-1,767776;-74,75314;-10,77248;0,2633217;-0,1446336;-0,2821545;0,9111156
09:13:38.972;-1,779249;-74,29433;-11,93493;0,2630422;-0,142154;-0,2805941;0,9120679
09:13:39.043;-1,792271;-73,81593;-13,25443;0,2635346;-0,1381444;-0,2754218;0,9141162
09:13:39.112;-1,800686;-73,46077;-14,10713;0,2634138;-0,1359932;-0,2727353;0,9152784
09:13:39.183;-1,80869;-73,17446;-14,91805;0,2633875;-0,1335586;-0,2690868;0,9167232
09:13:39.256;-1,732958;-73,24921;-14,87945;0,2634924;-0,1321914;-0,2673852;0,9173889
09:13:39.338;-1,716946;-74,01743;-13,18653;0,2635806;-0,1316746;-0,2683144;0,9171665
09:13:39.409;-1,699887;-74,80189;-11,38279;0,2647168;-0,1328251;-0,2691036;0,9164419
09:13:39.479;-1,744832;-75,00977;-8,44758;0,2650644;-0,1356256;-0,2715861;0,9151981
09:13:39.549;-1,803346;-75,00972;-7,067022;0,2654672;-0,1377022;-0,2756554;0,9135532
09:13:39.616;-1,793641;-75,00972;-6,122996;0,2656447;-0,1394362;-0,2793039;0,9121292
09:13:39.684;-1,852626;-75,00971;-4,928985;0,2660563;-0,1411435;-0,2821754;0,910862
09:13:39.757;-1,858428;-75,00973;-5,471697;0,2657402;-0,1419011;-0,2848015;0,9100189
09:13:39.829;-1,892755;-74,97285;-8,682365;0,2642939;-0,1426835;-0,2898886;0,9087105
09:13:39.898;-1,842924;-74,12103;-10,91697;0,2641172;-0,1400461;-0,290052;0,90912
09:13:39.967;-1,640029;-73,31198;-12,93635;0,2632457;-0,1336076;-0,2861936;0,9115613
09:13:40.035;-1,578905;-72,66242;-14,49115;0,2628266;-0,1311536;-0,2838932;0,9127572
09:13:40.107;-1,595403;-71,65753;-16,40172;0,262926;-0,1301719;-0,2823332;0,9133527
09:13:40.178;-1,596833;-71,40926;-16,5673;0,2629872;-0,1292333;-0,2791843;0,9144357
09:13:40.251;-1,589967;-71,76095;-15,77223;0,263278;-0,1290718;-0,2785331;0,9145734
09:13:40.322;-1,56882;-72,80565;-13,3233;0,2640277;-0,129796;-0,2762099;0,9149593
09:13:40.395;-1,619354;-73,88034;-10,65091;0,2648821;-0,1312883;-0,2758211;0,9146166
09:13:40.464;-1,947977;-75,00993;-7,098747;0,2661259;-0,1365506;-0,2748818;0,9137675
09:13:40.541;-3,047712;-75,00974;-3,998809;0,2680863;-0,1414218;-0,2773611;0,9117019
09:13:40.613;-3,859015;-75,00972;-2,253442;0,269372;-0,1418126;-0,2794737;0,9106165
09:13:40.685;-4,451145;-75,00971;-0,7484147;0,2696736;-0,1420455;-0,2839366;0,9091091
09:13:40.755;-4,519548;-75,00971;-0,7043195;0,2695372;-0,1415037;-0,2883084;0,9078572
09:13:40.823;-4,579589;-74,9463;-2,950167;0,2686189;-0,1415183;-0,2929591;0,9066374
09:13:40.894;-4,654037;-73,78072;-5,7349;0,2676028;-0,1407775;-0,2973217;0,9056325
09:13:40.965;-4,613717;-72,03571;-9,707912;0,2662659;-0,1386398;-0,3006217;0,9052669
09:13:41.034;-4,604628;-70,7466;-12,22468;0,2656355;-0,1366306;-0,2990797;0,9062678
09:13:41.102;-4,611596;-69,31168;-15,46392;0,2650174;-0,1341623;-0,2937755;0,9085495
09:13:41.174;-4,660058;-68,44142;-17,39555;0,2652775;-0,1330191;-0,289312;0,9100727
09:13:41.246;-4,679801;-68,31089;-18,18249;0,2649781;-0,1296024;-0,27839;0,9140508
09:13:41.317;-4,678616;-69,32899;-18,13528;0,2652854;-0,1279757;-0,2727785;0,9158809
09:13:41.392;-4,637568;-71,0675;-16,49912;0,2663725;-0,128129;-0,2723945;0,9156582
09:13:41.463;-4,641213;-73,10676;-13,6594;0,2664453;-0,1303006;-0,2704084;0,9159192
09:13:41.533;-5,012673;-74,74728;-10,87365;0,267276;-0,1344969;-0,2696677;0,9152887
09:13:41.600;-5,429782;-75,00974;-7,657638;0,2686383;-0,1373888;-0,2715153;0,9139131
09:13:41.676;-5,584394;-75,00973;-5,702617;0,2693236;-0,1385611;-0,2733966;0,9129732
09:13:41.748;-5,649311;-75,00974;-3,320955;0,2701771;-0,1376056;-0,2732288;0,9129157
09:13:41.817;-5,591641;-75,00973;-1,568519;0,2707397;-0,1344636;-0,2738429;0,9130332
09:13:41.886;-5,50563;-75,00973;1,045198;0,2714864;-0,1314576;-0,272641;0,9136087
09:13:41.961;-6,252434;-75,00974;3,153008;0,2725632;-0,1327792;-0,2734153;0,9128653
09:13:42.031;-7,586555;-75,00973;3,735736;0,2737027;-0,1365967;-0,2748957;0,9115155
09:13:42.111;-8,797152;-75,00994;2,661325;0,2741137;-0,1362244;-0,2801049;0,9098604
09:13:42.180;-9,002856;-74,41879;-1,212988;0,2730953;-0,1341554;-0,286821;0,9083804
09:13:42.249;-8,845484;-73,35688;-4,979061;0,2720747;-0,129922;-0,2918642;0,9076954
09:13:42.316;-8,460952;-72,00331;-8,897351;0,2710411;-0,1265706;-0,2968047;0,9068757
09:13:42.384;-8,385272;-70,11952;-13,59496;0,2702731;-0,1239958;-0,2984161;0,9069318
09:13:42.451;-8,509056;-68,94462;-16,28082;0,2701966;-0,122624;-0,2960077;0,9079298
09:13:42.518;-8,545501;-68,58517;-17,07161;0,2705093;-0,1206971;-0,2892586;0,9102672
09:13:42.588;-8,550751;-71,31301;-15,54128;0,2710339;-0,1203354;-0,2802181;0,9129829
09:13:42.661;-8,555791;-75,00993;-12,44504;0,2712913;-0,1244178;-0,2766995;0,9134324
09:13:42.735;-8,96201;-75,00974;-10,14627;0,27176;-0,1285876;-0,2792738;0,9119309
09:13:42.802;-9,631794;-75,00972;-7,592326;0,2727294;-0,1311111;-0,2802216;0,9109909
09:13:42.875;-10,24557;-75,00972;-5,689265;0,2736758;-0,1320231;-0,2785689;0,9110823
09:13:42.947;-10,44764;-75,00972;-3,111957;0,274386;-0,1304569;-0,2788006;0,9110234
09:13:43.020;-10,58431;-75,00972;-0,7722861;0,2749449;-0,1298622;-0,2785153;0,9110271
09:13:43.087;-10,91541;-75,00971;0,578092;0,2753813;-0,1314765;-0,2799466;0,9102247
09:13:43.159;-11,31866;-75,00971;1,781887;0,2758569;-0,1311589;-0,2808567;0,9098461
09:13:43.230;-11,28647;-75,00971;2,255589;0,275849;-0,1293952;-0,2816637;0,9098516
09:13:43.307;-11,23923;-75,00971;2,950668;0,2758342;-0,1269739;-0,2824897;0,909941
09:13:43.378;-11,11907;-75,00972;4,719039;0,2760404;-0,1249997;-0,2801765;0,9108666
09:13:43.448;-11,08651;-75,00972;6,184069;0,276201;-0,1243593;-0,2795442;0,9110998
09:13:43.519;-11,29123;-75,00977;8,034071;0,278928;-0,1251341;-0,2782041;0,9105729
09:13:43.588;-11,29861;-75,00983;10,70444;0,2902259;-0,1250417;-0,2741226;0,9082898
09:13:43.663;-11,02572;-74,71155;12,71705;0,3020114;-0,1189832;-0,2760797;0,9046613
09:13:43.733;-10,85478;-72,74545;14,23092;0,3083544;-0,1135905;-0,2752527;0,9034659
09:13:43.802;-10,47338;-70,12299;16,07274;0,3177436;-0,1094239;-0,2710549;0,9019948
09:13:43.871;-10,19068;-67,69009;18,38148;0,3249359;-0,1063963;-0,2623248;0,9023759
09:13:43.939;-9,160753;-65,35276;21,97409;0,3392765;-0,1003584;-0,2485025;0,9017018
09:13:44.010;-6,732581;-61,87866;29,70424;0,3536813;-0,09152013;-0,2285118;0,9023946
09:13:44.082;-2,13247;-58,52749;38,71212;0,3723678;-0,08525351;-0,2065366;0,9007867
09:13:44.150;2,238057;-57,33136;44,66441;0,3849554;-0,08478194;-0,1887312;0,8994454
09:13:44.219;4,070042;-57,05286;51,9505;0,406345;-0,09806818;-0,1668933;0,8929799
09:13:44.291;3,814437;-56,71176;56,6298;0,4145178;-0,1023521;-0,1590162;0,8901758
09:13:44.359;3,62223;-56,23497;62,25928;0,4275292;-0,09915663;-0,1515346;0,8856772
09:13:44.427;3,485224;-55,95798;66,27205;0,4366549;-0,09469175;-0,1460963;0,8826221
09:13:44.498;3,352844;-55,94245;70,14928;0,4479531;-0,08968621;-0,1388003;0,8786517
09:13:44.571;3,10437;-57,03569;75,18005;0,4562095;-0,08574907;-0,1340543;0,875528
09:13:44.638;2,724705;-59,49918;77,60676;0,4577285;-0,09023599;-0,1383838;0,8736086
09:13:44.709;1,879713;-62,33644;80,45382;0,4590667;-0,09716819;-0,1450731;0,871074
09:13:44.780;1,268073;-64,18702;82,69395;0,4682038;-0,09620409;-0,150131;0,8654425
09:13:44.850;1,075826;-64,74241;83,95731;0,4750805;-0,09282642;-0,1509199;0,8619193
09:13:44.917;0,7860652;-65,22819;85,23759;0,4768982;-0,09115048;-0,1513783;0,8610135
09:13:44.984;-0,1010725;-65,73433;86,41685;0,478198;-0,09974452;-0,1534028;0,8589792
09:13:45.052;-0,1678562;-65,67268;86,70776;0,4802187;-0,1064742;-0,1554875;0,8566661
09:13:45.119;-0,5017738;-65,6103;86,99967;0,483382;-0,1180345;-0,1591593;0,8526887
09:13:45.188;-0,6017507;-65,59109;87,05119;0,4859482;-0,1260801;-0,1616003;0,8496137
09:13:45.255;-0,6015904;-65,6767;87,07284;0,4864999;-0,1283356;-0,1615655;0,8489667
09:13:45.325;-0,6331407;-65,6327;87,31254;0,4873205;-0,129738;-0,1624758;0,8481087
09:13:45.399;-0,5634548;-65,7005;87,74701;0,4869739;-0,1273902;-0,1671552;0,8477542
09:13:45.467;0;-65,51071;88,1142;0,4717372;-0,1011435;-0,1873149;0,855656
09:13:45.540;0,03299881;-65,56317;88,09975;0,4669725;-0,100105;-0,1864477;0,8585761
09:13:45.611;0;-65,51071;88,1142;0,4638497;-0,100089;-0,1857426;0,8604216
09:13:45.683;0;-65,51071;88,1142;0,4632997;-0,09997029;-0,1858066;0,8607179
09:13:45.750;0;-65,51071;88,1142;0,4625624;-0,09767045;-0,184915;0,8615701
