timestamp;AR_x;AR_y;AR_z;AR_ang_x;AR_ang_y;AR_ang_z;AR_ang_w;Distancia;HAP_x;HAP_y;HAP_z;HAP_ang_x;HAP_ang_y;HAP_ang_z;HAP_ang_w
1;2;3;4;5;0;0;-0,055
1;2;3;4;5;0;0;-0,055
1;2;3;4;5;0;0;-0,055
1;2;3;4;5;0;0;-0,055
1;2;3;4;5;0;0;-0,055
1;2;3;4;5;0;0;-0,055
1;2;3;4;5;0;0;-0,055
1;2;3;4;5;0;0;-0,055
1;2;3;4;5;0;0;-0,055
1;2;3;4;5;0;0;-0,055
1;2;3;4;5;0;0;-0,055
1;2;3;4;5;0;0;-0,055
1;2;3;4;5;0;0;-0,055
1;2;3;4;5;0;0;-0,055
1;2;3;4;5;0;0;-0,055
1;2;3;4;5;0;0;-0,055
1;2;3;4;5;0;0;-0,055
1;2;3;4;5;0;0;-0,055
1;2;3;4;5;0;0;-0,055
1;2;3;4;5;0;0;-0,055
1;2;3;4;5;0;0;-0,055
1;2;3;4;5;0;0;-0,055
1;2;3;4;5;0;0;-0,055
1;2;3;4;5;0;0;-0,055
1;2;3;4;5;0;0;-0,055
1;2;3;4;5;0;0;-0,055
1;2;3;4;5;0;0;-0,055
1;2;3;4;5;0;0;-0,055
1;2;3;4;5;0;0;-0,055
1;2;3;4;5;0;0;-0,055
1;2;3;4;5;0;0;-0,055
1;2;3;4;5;0;0;-0,055
1;2;3;4;5;0;0;-0,055
1;2;3;4;5;0;0;0
1;2;3;4;5;0;0;0
1;2;3;4;5;0;0;0
1;2;3;4;5;0;0;0
1;2;3;4;5;0;0;0
1;2;3;4;5;0;0;0
1;2;3;4;5;0;0;0
1;2;3;4;5;0;0;0
1;2;3;4;5;0;0;0
1;2;3;4;5;0;0;0
1;2;3;4;5;0;0;0
1;2;3;4;5;0;0;0
1;2;3;4;5;0;0;0
1;2;3;4;5;0;0;0
1;2;3;4;5;0;0;0
1;2;3;4;5;0;0;0
1;2;3;4;5;0;0;0
1;2;3;4;5;0;0;0
1;2;3;4;5;0;0;0
1;2;3;4;5;0;0;0
1;2;3;4;5;0;0;0
1;2;3;4;5;0;0;0
1;2;3;4;5;0;0;0
1;2;3;4;5;0;0;0
1;2;3;4;5;0;0;0
1;2;3;4;5;0;0;0
1;2;3;4;5;0;0;0
1;2;3;4;5;0;0;0
1;2;3;4;5;0;0;0
1;2;3;4;5;0;0;0
1;2;3;4;5;0;0;0
1;2;3;4;5;0;0;0
1;2;3;4;5;0;0;0
1;2;3;4;5;0;0;0
1;2;3;4;5;0;0;0
1;2;3;4;5;0;0;0
1;2;3;4;5;0;0;0
1;2;3;4;5;0;0;0
1;2;3;4;5;0;0;0
1;2;3;4;5;0;0;0
1;2;3;4;5;0;0;0
1;2;3;4;5;0;0;0
1;2;3;4;5;0;0;0
1;2;3;4;5;0;0;0
1;2;3;4;5;0;0;0
1;2;3;4;5;0;0;0
1;2;3;4;5;0;0;0
1;2;3;4;5;0;0;0
1;2;3;4;5;0;0;0
1;2;3;4;5;0;0;0
1;2;3;4;5;0;0;0
1;2;3;4;5;0;0;0
1;2;3;4;5;0;0;0
1;2;3;4;5;0;0;0
1;2;3;4;5;0;0;0
1;2;3;4;5;0;0;0
1;2;3;4;5;0;0;0
1;2;3;4;5;0;0;0
1;2;3;4;5;0;0;0
1;2;3;4;5;0;0;0
1;2;3;4;5;0;0;0
1;2;3;4;5;0;0;0
1;2;3;4;5;0;0;0
1;2;3;4;5;0;0;-0,055
1;2;3;4;5;0;0;-0,055
1;2;3;4;5;0;0;-0,055
1;2;3;4;5;0;0;-0,055
1;2;3;4;5;0;0;-0,055
1;2;3;4;5;0;0;-0,055
1;2;3;4;5;0;0;-0,055
1;2;3;4;5;0;0;-0,055
1;2;3;4;5;-0,115149;0,05113512;0,6292221
1;2;3;4;5;-0,115149;0,05113515;0,6292221
1;2;3;4;5;-0,115149;0,05113516;0,6292221
1;2;3;4;5;-0,115149;0,05113516;0,6292221
1;2;3;4;5;-0,115149;0,05113513;0,6292221
1;2;3;4;5;-0,1151491;0,05113506;0,629222
1;2;3;4;5;-0,1151491;0,05113517;0,629222
1;2;3;4;5;-0,115149;0,05113515;0,6292221
1;2;3;4;5;-0,1151491;0,05113513;0,629222
1;2;3;4;5;-0,115149;0,05113514;0,6292221
1;2;3;4;5;-0,115149;0,05113514;0,6292221
1;2;3;4;5;-0,115149;0,05113514;0,6292221
1;2;3;4;5;-0,1151491;0,05113498;0,6292221
1;2;3;4;5;-0,115149;0,05113514;0,6292221
1;2;3;4;5;-0,1151491;0,05113512;0,629222
1;2;3;4;5;-0,115149;0,05113511;0,6292221
1;2;3;4;5;-0,115149;0,05113516;0,6292221
1;2;3;4;5;-0,115149;0,05113514;0,6292221
1;2;3;4;5;-0,115149;0,05113515;0,6292221
1;2;3;4;5;-0,115149;0,05113515;0,6292221
1;2;3;4;5;-0,115149;0,05113514;0,6292221
1;2;3;4;5;-0,115149;0,05113511;0,6292221
1;2;3;4;5;-0,1151491;0,05113512;0,629222
1;2;3;4;5;-0,115149;0,05113516;0,6292221
1;2;3;4;5;-0,115149;0,05113511;0,6292221
1;2;3;4;5;-0,115149;0,05113515;0,6292221
1;2;3;4;5;-0,115149;0,05113513;0,6292221
1;2;3;4;5;-0,115149;0,05113515;0,6292221
1;2;3;4;5;-0,115149;0,05113515;0,6292221
1;2;3;4;5;-0,115149;0,05113516;0,6292221
1;2;3;4;5;-0,115149;0,05113515;0,6292221
1;2;3;4;5;-0,115149;0,05113515;0,6292221
1;2;3;4;5;-0,115149;0,05113514;0,6292221
1;2;3;4;5;-0,1151491;0,05113516;0,629222
1;2;3;4;5;-0,115149;0,05113511;0,6292221
1;2;3;4;5;-0,115149;0,05113513;0,6292221
1;2;3;4;5;-0,1151491;0,05113512;0,629222
1;2;3;4;5;-0,115149;0,05113511;0,6292221
1;2;3;4;5;-0,115149;0,05113515;0,6292221
1;2;3;4;5;-0,115149;0,05113504;0,6292221
1;2;3;4;5;-0,115149;0,05113515;0,6292221
1;2;3;4;5;-0,1151491;0,05113512;0,629222
1;2;3;4;5;-0,115149;0,05113511;0,6292221
1;2;3;4;5;-0,1151491;0,05113512;0,629222
1;2;3;4;5;-0,1151491;0,051135;0,629222
1;2;3;4;5;-0,115149;0,05113511;0,6292221
1;2;3;4;5;-0,115149;0,05113508;0,629222
1;2;3;4;5;-0,1151491;0,05113498;0,6292221
1;2;3;4;5;-0,1151491;0,05113512;0,629222
1;2;3;4;5;-0,115149;0,05113516;0,6292221
1;2;3;4;5;-0,1151491;0,0511351;0,629222
1;2;3;4;5;-0,115149;0,05113512;0,6292221
1;2;3;4;5;-0,1151491;0,05113517;0,629222
1;2;3;4;5;-0,1151491;0,05113515;0,6292221
1;2;3;4;5;-0,115149;0,05113508;0,6292221
1;2;3;4;5;-0,115149;0,05113512;0,6292221
1;2;3;4;5;-0,115149;0,05113516;0,6292221
1;2;3;4;5;-0,115149;0,05113514;0,6292221
1;2;3;4;5;-0,115149;0,05113515;0,6292221
1;2;3;4;5;-0,115149;0,05113514;0,6292221
1;2;3;4;5;-0,115149;0,05113514;0,6292221
1;2;3;4;5;-0,1151491;0,0511351;0,629222
1;2;3;4;5;-0,115149;0,05113514;0,6292221
1;2;3;4;5;-0,1151491;0,05113506;0,629222
1;2;3;4;5;-0,115149;0,05113515;0,6292221
1;2;3;4;5;-0,115149;0,05113515;0,6292221
1;2;3;4;5;-0,115149;0,05113514;0,6292221
1;2;3;4;5;-0,1151491;0,0511351;0,629222
1;2;3;4;5;-0,115149;0,05113516;0,6292221
1;2;3;4;5;-0,115149;0,05113511;0,6292221
1;2;3;4;5;-0,1151491;0,05113515;0,6292221
1;2;3;4;5;-0,1151491;0,05113512;0,629222
1;2;3;4;5;-0,1151491;0,05113512;0,629222
1;2;3;4;5;-0,1151492;0,05113512;0,629222
1;2;3;4;5;-0,115149;0,05113514;0,6292221
1;2;3;4;5;-0,1151491;0,0511351;0,629222
1;2;3;4;5;-0,115149;0,05113513;0,6292221
1;2;3;4;5;-0,115149;0,05113514;0,6292221
1;2;3;4;5;-0,1151491;0,05113512;0,629222
1;2;3;4;5;-0,3038541;0,05113515;0,5509811
1;2;3;4;5;-0,3038542;0,05113509;0,5509811
1;2;3;4;5;-0,3038541;0,05113511;0,5509812
1;2;3;4;5;-0,3038541;0,05113518;0,5509812
1;2;3;4;5;-0,3038542;0,05113513;0,5509811
1;2;3;4;5;-0,3038541;0,05113516;0,5509812
1;2;3;4;5;-0,3038541;0,05113517;0,5509812
1;2;3;4;5;-0,3038541;0,05113516;0,5509812
1;2;3;4;5;-0,3038541;0,05113514;0,5509812
1;2;3;4;5;-0,3038541;0,05113516;0,5509812
1;2;3;4;5;-0,3038541;0,05113518;0,5509812
1;2;3;4;5;-0,3038541;0,05113518;0,5509812
1;2;3;4;5;-0,3038541;0,05113511;0,5509812
1;2;3;4;5;-0,3038541;0,05113516;0,5509812
1;2;3;4;5;-0,3038541;0,05113517;0,5509812
1;2;3;4;5;-0,3038542;0,05113506;0,550981
1;2;3;4;5;-0,3038541;0,05113509;0,5509812
1;2;3;4;5;-0,3038541;0,05113515;0,5509811
1;2;3;4;5;-0,3038541;0,05113518;0,5509812
1;2;3;4;5;-0,3038541;0,05113516;0,5509812
1;2;3;4;5;-0,3038541;0,05113514;0,5509812
1;2;3;4;5;-0,3038542;0,05113513;0,5509811
1;2;3;4;5;-0,3038541;0,05113518;0,5509811
1;2;3;4;5;-0,3038541;0,05113514;0,5509812
1;2;3;4;5;-0,3038541;0,05113511;0,5509812
1;2;3;4;5;-0,3038541;0,05113525;0,5509811
1;2;3;4;5;-0,3038541;0,05113515;0,5509811
1;2;3;4;5;-0,3038541;0,05113518;0,5509812
1;2;3;4;5;-0,3038541;0,05113514;0,5509812
1;2;3;4;5;-0,3038541;0,05113518;0,5509812
1;2;3;4;5;-0,3038541;0,05113519;0,5509812
1;2;3;4;5;-0,3038541;0,05113519;0,5509812
1;2;3;4;5;-0,3038541;0,05113515;0,5509811
1;2;3;4;5;-0,3038541;0,05113511;0,5509812
1;2;3;4;5;-0,3038541;0,05113517;0,5509812
1;2;3;4;5;-0,3038542;0,05113506;0,550981
1;2;3;4;5;-0,3038541;0,05113515;0,5509811
1;2;3;4;5;-0,3038541;0,05113515;0,5509811
1;2;3;4;5;-0,3038541;0,05113515;0,5509811
1;2;3;4;5;-0,3038541;0,05113516;0,5509812
1;2;3;4;5;-0,3038541;0,05113517;0,5509812
1;2;3;4;5;-0,3038541;0,05113519;0,5509812
1;2;3;4;5;-0,3038541;0,05113515;0,5509811
1;2;3;4;5;-0,3038542;0,05113513;0,550981
1;2;3;4;5;-0,3038541;0,05113519;0,5509812
1;2;3;4;5;-0,3038541;0,05113518;0,5509812
1;2;3;4;5;-0,3038541;0,05113518;0,5509812
1;2;3;4;5;-0,3038541;0,05113516;0,5509812
1;2;3;4;5;-0,3038541;0,05113509;0,5509812
1;2;3;4;5;-0,3038541;0,05113516;0,5509812
1;2;3;4;5;-0,3038542;0,05113501;0,5509811
1;2;3;4;5;-0,3038541;0,05113517;0,5509812
1;2;3;4;5;-0,3038541;0,05113522;0,5509812
1;2;3;4;5;-0,3038541;0,05113516;0,5509812
1;2;3;4;5;-0,3038541;0,05113519;0,5509812
1;2;3;4;5;-0,3038541;0,05113517;0,5509812
1;2;3;4;5;-0,3038541;0,05113516;0,5509812
1;2;3;4;5;-0,3038541;0,05113518;0,5509812
1;2;3;4;5;-0,3038541;0,05113514;0,5509812
1;2;3;4;5;-0,3038542;0,05113509;0,5509811
1;2;3;4;5;-0,3038541;0,05113506;0,5509812
1;2;3;4;5;-0,3038541;0,05113518;0,5509812
1;2;3;4;5;-0,3038541;0,05113518;0,5509812
1;2;3;4;5;-0,3038542;0,05113515;0,550981
1;2;3;4;5;-0,3038541;0,05113515;0,5509811
1;2;3;4;5;-0,3038541;0,05113515;0,5509812
1;2;3;4;5;-0,3038541;0,05113507;0,5509811
1;2;3;4;5;-0,3038542;0,05113503;0,5509811
1;2;3;4;5;-0,3038541;0,05113518;0,5509812
1;2;3;4;5;-0,3038541;0,05113508;0,5509812
1;2;3;4;5;-0,3038541;0,05113516;0,5509812
1;2;3;4;5;-0,3038541;0,05113516;0,5509812
1;2;3;4;5;-0,3038542;0,05113513;0,550981
1;2;3;4;5;-0,3038541;0,05113511;0,5509812
1;2;3;4;5;-0,3038541;0,05113519;0,5509811
1;2;3;4;5;-0,3038541;0,05113518;0,5509812
1;2;3;4;5;-0,3038541;0,05113519;0,5509812
1;2;3;4;5;-0,3038542;0,05113519;0,5509811
1;2;3;4;5;-0,3038541;0,05113516;0,5509812
1;2;3;4;5;-0,3038541;0,05113518;0,5509812
1;2;3;4;5;-0,3038541;0,05113518;0,5509812
1;2;3;4;5;-0,3038541;0,05113518;0,5509812
1;2;3;4;5;-0,3038541;0,05113523;0,5509811
1;2;3;4;5;-0,3038541;0,05113519;0,5509812
1;2;3;4;5;-0,3038541;0,05113518;0,5509812
1;2;3;4;5;-0,3038541;0,05113518;0,5509811
1;2;3;4;5;-0,3038542;0,05113513;0,5509811
1;2;3;4;5;-0,3038542;0,05113513;0,5509811
1;2;3;4;5;-0,3038541;0,05113518;0,5509812
1;2;3;4;5;-0,3038541;0,05113523;0,5509811
1;2;3;4;5;-0,3038541;0,05113519;0,5509812
1;2;3;4;5;-0,3038541;0,05113519;0,5509812
1;2;3;4;5;-0,3038541;0,05113515;0,5509811
1;2;3;4;5;-0,3038541;0,05113518;0,5509812
1;2;3;4;5;-0,3038542;0,05113513;0,5509811
1;2;3;4;5;-0,3038541;0,05113509;0,5509812
1;2;3;4;5;-0,3038541;0,05113511;0,5509812
1;2;3;4;5;-0,3038541;0,05113523;0,5509811
1;2;3;4;5;-0,3038542;0,05113513;0,550981
1;2;3;4;5;-0,3038541;0,05113517;0,5509812
1;2;3;4;5;-0,3038542;0,05113513;0,5509811
1;2;3;4;5;-0,3038541;0,05113518;0,5509812
1;2;3;4;5;-0,3038542;0,05113513;0,550981
1;2;3;4;5;-0,3038541;0,05113515;0,5509811
1;2;3;4;5;-0,3038541;0,05113518;0,5509811
1;2;3;4;5;-0,3038541;0,05113517;0,5509812
1;2;3;4;5;-0,3038541;0,05113525;0,5509812
1;2;3;4;5;-0,3038541;0,05113518;0,5509812
1;2;3;4;5;-0,3038541;0,05113516;0,5509812
1;2;3;4;5;-0,3038541;0,05113518;0,5509812
1;2;3;4;5;-0,3038541;0,051135;0,5509812
1;2;3;4;5;-0,3038541;0,05113515;0,5509811
1;2;3;4;5;-0,3038543;0,05113563;0,5509809
1;2;3;4;5;-0,3038541;0,05113527;0,5509811
1;2;3;4;5;-0,3038541;0,05113511;0,5509812
1;2;3;4;5;-0,3038541;0,05113517;0,5509812
1;2;3;4;5;-0,3038541;0,05113514;0,5509812
1;2;3;4;5;-0,3038541;0,05113516;0,5509812
1;2;3;4;5;-0,3038541;0,05113525;0,5509811
1;2;3;4;5;-0,3038542;0,05113525;0,550981
1;2;3;4;5;-0,3038542;0,05113471;0,5509811
1;2;3;4;5;-0,3038541;0,05113517;0,5509812
1;2;3;4;5;-0,3038541;0,05113518;0,5509812
1;2;3;4;5;-0,3038541;0,05113507;0,5509811
1;2;3;4;5;-0,3038541;0,05113518;0,5509811
1;2;3;4;5;-0,3038542;0,05113506;0,550981
1;2;3;4;5;-0,3038541;0,05113516;0,5509812
1;2;3;4;5;-0,3038541;0,05113519;0,5509812
1;2;3;4;5;-0,3038541;0,05113511;0,5509812
1;2;3;4;5;-0,3038541;0,05113519;0,5509812
1;2;3;4;5;-0,3038541;0,05113507;0,5509811
1;2;3;4;5;-0,3038541;0,05113518;0,5509812
1;2;3;4;5;-0,3038541;0,05113515;0,5509811
1;2;3;4;5;-0,3038541;0,05113519;0,5509812
1;2;3;4;5;-0,3038541;0,05113518;0,5509812
1;2;3;4;5;-0,3038542;0,05113513;0,550981
1;2;3;4;5;-0,3038541;0,05113509;0,5509812
1;2;3;4;5;-0,3038542;0,05113513;0,5509811
1;2;3;4;5;-0,3038541;0,05113509;0,5509812
1;2;3;4;5;-0,3038541;0,05113511;0,5509812
1;2;3;4;5;-0,3038541;0,05113518;0,5509812
1;2;3;4;5;-0,3038542;0,05113515;0,550981
1;2;3;4;5;-0,3038542;0,05113513;0,550981
1;2;3;4;5;-0,3038541;0,05113525;0,5509811
1;2;3;4;5;-0,3038543;0,05113821;0,5509806
1;2;3;4;5;-0,3069685;0,05154802;0,5520017
1;2;3;4;5;-0,3086651;0,05240845;0,5526575
1;2;3;4;5;-0,3117059;0,05160076;0,5546987
1;2;3;4;5;-0,3145469;0,05137145;0,5554517
1;2;3;4;5;-0,316439;0,05148797;0,5557452
1;2;3;4;5;-0,318187;0,05154175;0,5560963
1;2;3;4;5;-0,3195276;0,05140893;0,5564311
1;2;3;4;5;-0,3197548;0,05157685;0,5561461
1;2;3;4;5;-0,319901;0,05115986;0,5563623
1;2;3;4;5;-0,3203087;0,05087523;0,5564511
1;2;3;4;5;-0,3183742;0,05115528;0,5558267
1;2;3;4;5;-0,31869;0,05116374;0,5558848
1;2;3;4;5;-0,3196158;0,05114795;0,5560555
1;2;3;4;5;-0,3202872;0,05115314;0,5561929
1;2;3;4;5;-0,3210981;0,05115591;0,5563693
1;2;3;4;5;-0,3218575;0,05116217;0,5565212
1;2;3;4;5;-0,3227631;0,05117129;0,5566931
1;2;3;4;5;-0,3235082;0,05118648;0,5568393
1;2;3;4;5;-0,3242563;0,05120128;0,5569815
1;2;3;4;5;-0,3251601;0,05122021;0,5571541
1;2;3;4;5;-0,3258461;0,05123723;0,5572715
1;2;3;4;5;-0,3272392;0,05128085;0,5575531
1;2;3;4;5;-0,3294106;0,0513701;0,5579796
1;2;3;4;5;-0,3312237;0,05136978;0,558141
1;2;3;4;5;-0,3328228;0,0512537;0,5581613
1;2;3;4;5;-0,3339034;0,0512311;0,5581572
1;2;3;4;5;-0,334108;0,05132114;0,5580709
1;2;3;4;5;-0,3335833;0,05126552;0,5582215
1;2;3;4;5;-0,3316759;0,0512567;0,5583289
1;2;3;4;5;-0,3301347;0,05121429;0,5582799
1;2;3;4;5;-0,3296939;0,05121838;0,5583029
1;2;3;4;5;-0,3293641;0,05123204;0,5584134
1;2;3;4;5;-0,3291013;0,05124085;0,5584124
1;2;3;4;5;-0,3291726;0,05125506;0,558366
1;2;3;4;5;-0,3293862;0,05128329;0,5583826
1;2;3;4;5;-0,3292068;0,05127737;0,5582797
1;2;3;4;5;-0,3292761;0,05127498;0,5582379
1;2;3;4;5;-0,3289147;0,05126927;0,5580642
1;2;3;4;5;-0,3288315;0,05128212;0,5580046
1;2;3;4;5;-0,3289943;0,05129488;0,558009
1;2;3;4;5;-0,3287085;0,05128844;0,5578716
1;2;3;4;5;-0,3285348;0,05128549;0,5577627
1;2;3;4;5;-0,3281868;0,05126064;0,557627
1;2;3;4;5;-0,3243197;0,04913542;0,5553147
1;2;3;4;5;-0,32177;0,04677584;0,5531713
1;2;3;4;5;-0,3201809;0,04517988;0,5518118
1;2;3;4;5;-0,3207781;0,04500237;0,5520327
1;2;3;4;5;-0,32142;0,04482256;0,5522629
1;2;3;4;5;-0,3217067;0,04452102;0,5526788
1;2;3;4;5;-0,3221133;0,044072;0,5533065
1;2;3;4;5;-0,3223255;0,04361871;0,5539525
1;2;3;4;5;-0,3193702;0,04405854;0,5534984
1;2;3;4;5;-0,3193702;0,04405832;0,5534983
1;2;3;4;5;-0,3193702;0,04405833;0,5534984
1;2;3;4;5;-0,3193701;0,04405789;0,5534986
1;2;3;4;5;-0,3162326;0,04707006;0,5500776
1;2;3;4;5;-0,316235;0,04677977;0,5501062
1;2;3;4;5;-0,3160871;0,04661756;0,549906
1;2;3;4;5;-0,3157946;0,04656769;0,5493575
1;2;3;4;5;-0,3152971;0,04643084;0,5483085
1;2;3;4;5;-0,3152851;0,04639496;0,5482792
1;2;3;4;5;-0,3152866;0,04629105;0,5481669
1;2;3;4;5;-0,3153712;0,04623822;0,547972
1;2;3;4;5;-0,3153023;0,04623917;0,5475291
1;2;3;4;5;-0,3152681;0,046289;0,5467188
1;2;3;4;5;-0,3153931;0,04604476;0,5465315
1;2;3;4;5;-0,3155026;0,0458547;0,5461054
1;2;3;4;5;-0,3156408;0,04550171;0,5458247
1;2;3;4;5;-0,3159853;0,04516373;0,5456254
1;2;3;4;5;-0,3163822;0,0447835;0,545399
1;2;3;4;5;-0,3163877;0,04435327;0,5449282
1;2;3;4;5;-0,3161655;0,04459982;0,5448943
1;2;3;4;5;-0,3151833;0,04569903;0,5451282
1;2;3;4;5;-0,3142101;0,04695711;0,5458215
1;2;3;4;5;-0,3130045;0,04831528;0,546853
1;2;3;4;5;-0,3112152;0,04969281;0,5481151
1;2;3;4;5;-0,3090177;0,05151745;0,5488676
1;2;3;4;5;-0,3067425;0,05391587;0,5489007
1;2;3;4;5;-0,3047203;0,05624762;0,5486743
1;2;3;4;5;-0,3027498;0,05870714;0,5481979
1;2;3;4;5;-0,3007888;0,06136856;0,548015
1;2;3;4;5;-0,2985464;0,06472845;0,5479781
1;2;3;4;5;-0,2960816;0,06881037;0,5480642
1;2;3;4;5;-0,293919;0,07262457;0,5482979
1;2;3;4;5;-0,2905924;0,07789229;0,5470229
1;2;3;4;5;-0,2875158;0,08283418;0,5455016
1;2;3;4;5;-0,2842235;0,08808804;0,5432004
1;2;3;4;5;-0,2810297;0,09371453;0,5408913
1;2;3;4;5;-0,2780285;0,09934996;0,5392207
1;2;3;4;5;-0,2750539;0,1052712;0,5379446
1;2;3;4;5;-0,2721343;0,1113657;0,5364296
1;2;3;4;5;-0,2683996;0,1179846;0,5335671
1;2;3;4;5;-0,2639768;0,124966;0,5299506
1;2;3;4;5;-0,2590412;0,1321391;0,5262533
1;2;3;4;5;-0,2538118;0,1390047;0,5226104
1;2;3;4;5;-0,2481811;0,1457818;0,5184345
1;2;3;4;5;-0,2423215;0,1529147;0,5138763
1;2;3;4;5;-0,2361992;0,1607259;0,5085806
1;2;3;4;5;-0,2306609;0,1683015;0,5035563
1;2;3;4;5;-0,2254336;0,1759954;0,4979437
1;2;3;4;5;-0,2201592;0,1835101;0,4912735
1;2;3;4;5;-0,2147956;0,1906005;0,4842971
1;2;3;4;5;-0,2094432;0,1975077;0,4765857
1;2;3;4;5;-0,2036005;0,2044738;0,467448
1;2;3;4;5;-0,1982729;0,211331;0,4592144
1;2;3;4;5;-0,193481;0,2181884;0,4506787
1;2;3;4;5;-0,1890842;0,2248867;0,4425913
1;2;3;4;5;-0,1847613;0,2314758;0,4337838
1;2;3;4;5;-0,180541;0,2379244;0,4249285
1;2;3;4;5;-0,1766327;0,2443345;0,4161063
1;2;3;4;5;-0,1736199;0,2502909;0,4071646
1;2;3;4;5;-0,1709641;0,2557964;0,3986226
1;2;3;4;5;-0,1689698;0,2606885;0,3899544
1;2;3;4;5;-0,1673926;0,2652081;0,3811156
1;2;3;4;5;-0,1659366;0,2693951;0,3720754
1;2;3;4;5;-0,1645329;0,2730588;0,3630916
1;2;3;4;5;-0,1630025;0,2760803;0,3541466
1;2;3;4;5;-0,1615876;0,2782821;0,3453602
1;2;3;4;5;-0,1604807;0,2798212;0,3366936
1;2;3;4;5;-0,1598403;0,2810545;0,3283639
1;2;3;4;5;-0,1597155;0,2824391;0,3203575
1;2;3;4;5;-0,1598027;0,2841238;0,3121983
1;2;3;4;5;-0,160083;0,2853647;0,3043801
1;2;3;4;5;-0,1599507;0,2862517;0,2967145
1;2;3;4;5;-0,1602357;0,2860987;0,2892745
1;2;3;4;5;-0,1607471;0,2862916;0,2819471
1;2;3;4;5;-0,1616166;0,2866177;0,2749867
1;2;3;4;5;-0,162866;0,287015;0,2683016
1;2;3;4;5;-0,1641788;0,2875111;0,2620811
1;2;3;4;5;-0,1655949;0,287721;0,2559658
1;2;3;4;5;-0,1669974;0,2878309;0,2498064
1;2;3;4;5;-0,1683571;0,2879088;0,2436144
1;2;3;4;5;-0,1701318;0,2875669;0,2380102
1;2;3;4;5;-0,1719235;0,287244;0,2326663
1;2;3;4;5;-0,173869;0,2867815;0,2275795
1;2;3;4;5;-0,1758524;0,2860259;0,2231506
1;2;3;4;5;-0,177732;0,2850401;0,2189507
1;2;3;4;5;-0,179502;0,2843347;0,2147551
1;2;3;4;5;-0,1816661;0,2837215;0,2116001
1;2;3;4;5;-0,1838937;0,2832944;0,20835
1;2;3;4;5;-0,1863058;0,2827049;0,2054568
1;2;3;4;5;-0,1885885;0,282211;0,2025563
1;2;3;4;5;-0,1908076;0,2819768;0,1996695
1;2;3;4;5;-0,1930903;0,2818423;0,1970334
1;2;3;4;5;-0,1954663;0,2819601;0,194893
1;2;3;4;5;-0,1979592;0,282153;0,1932412
1;2;3;4;5;-0,200607;0,2823165;0,1915626
1;2;3;4;5;-0,2033623;0,2822656;0,1895054
1;2;3;4;5;-0,2061671;0,2824054;0,1874957
1;2;3;4;5;-0,2086219;0,2826263;0,1856835
1;2;3;4;5;-0,210756;0,2829474;0,1843202
1;2;3;4;5;-0,2129442;0,2833801;0,1831256
1;2;3;4;5;-0,2155316;0,2839741;0,1825739
1;2;3;4;5;-0,2185621;0,2843282;0,1819169
1;2;3;4;5;-0,2216195;0,2843559;0,1811295
1;2;3;4;5;-0,2244226;0,2841258;0,1803514
1;2;3;4;5;-0,2269613;0,2838115;0,1798189
1;2;3;4;5;-0,2294211;0,2833991;0,1795787
1;2;3;4;5;-0,2318366;0,282766;0,1799203
1;2;3;4;5;-0,2340524;0,2820799;0,1808438
1;2;3;4;5;-0,2359903;0,2810327;0,1823808
1;2;3;4;5;-0,2372019;0,2795618;0,1848445
1;2;3;4;5;-0,2380677;0,2781362;0,1871125
1;2;3;4;5;-0,2384596;0,2763549;0,1892882
1;2;3;4;5;-0,2389416;0,2742654;0,1910995
1;2;3;4;5;-0,2392458;0,2720314;0,1927921
1;2;3;4;5;-0,2391097;0,2698475;0,1946474
1;2;3;4;5;-0,238776;0,2675056;0,1966532
1;2;3;4;5;-0,238531;0,2650211;0,1989673
1;2;3;4;5;-0,2381807;0,263132;0,2011976
1;2;3;4;5;-0,2380309;0,2616369;0,2033219
1;2;3;4;5;-0,2379206;0,260253;0,2051809
1;2;3;4;5;-0,2375241;0,2580497;0,2067587
1;2;3;4;5;-0,2367414;0,2559676;0,2081105
1;2;3;4;5;-0,2357049;0,253414;0,2093301
1;2;3;4;5;-0,2347108;0,2511214;0,2102316
1;2;3;4;5;-0,2336065;0,2496807;0,2107538
1;2;3;4;5;-0,2324223;0,2483464;0,2114269
1;2;3;4;5;-0,2309916;0,2464997;0,2119326
1;2;3;4;5;-0,229708;0,2447225;0,2126333
1;2;3;4;5;-0,228451;0,2426926;0,2133194
1;2;3;4;5;-0,2269475;0,2401389;0,2135528
1;2;3;4;5;-0,2255113;0,2374688;0,2140802
1;2;3;4;5;-0,2241692;0,2355072;0,2148746
1;2;3;4;5;-0,2229313;0,2338551;0,215738
1;2;3;4;5;-0,2218935;0,231363;0,2165464
1;2;3;4;5;-0,2196362;0,226532;0,2186725
1;2;3;4;5;-0,2196736;0,2261516;0,2189714
1;2;3;4;5;-0,2183734;0,2231623;0,2201254
1;2;3;4;5;-0,2167366;0,2202603;0,2212465
1;2;3;4;5;-0,2149069;0,2174403;0,2221957
1;2;3;4;5;-0,2130123;0,2145426;0,2230832
1;2;3;4;5;-0,2108559;0,211712;0,2239901
1;2;3;4;5;-0,2085116;0,2088718;0,2250716
1;2;3;4;5;-0,2062146;0,2059673;0,2263553
1;2;3;4;5;-0,2040399;0,2030433;0,227604
1;2;3;4;5;-0,2019999;0,2001383;0,2286001
1;2;3;4;5;-0,2000967;0,1972908;0,2293048
1;2;3;4;5;-0,1982191;0,194512;0,2299892
1;2;3;4;5;-0,1964552;0,1918432;0,2305259
1;2;3;4;5;-0,1947779;0,1892261;0,231158
1;2;3;4;5;-0,1930429;0,1866659;0,2318444
1;2;3;4;5;-0,1912899;0,1842249;0,2324829
1;2;3;4;5;-0,1894689;0,1820552;0,2329938
1;2;3;4;5;-0,1874658;0,1799824;0,233556
1;2;3;4;5;-0,1851687;0,1782045;0,2342105
1;2;3;4;5;-0,1826043;0,1767381;0,2352189
1;2;3;4;5;-0,1802534;0,1751167;0,236557
1;2;3;4;5;-0,1781142;0,1735816;0,2380863
1;2;3;4;5;-0,1764086;0,1720906;0,2394563
1;2;3;4;5;-0,174941;0,1706569;0,2405438
1;2;3;4;5;-0,1732172;0,169183;0,2418259
1;2;3;4;5;-0,1712728;0,1675464;0,2433839
1;2;3;4;5;-0,1690291;0,1660753;0,2446496
1;2;3;4;5;-0,166821;0,1647;0,2457099
1;2;3;4;5;-0,1646097;0,1630559;0,2466237
1;2;3;4;5;-0,1622586;0,1608608;0,2482533
1;2;3;4;5;-0,1600928;0,1587742;0,2497022
1;2;3;4;5;-0,1578399;0,156773;0,250775
1;2;3;4;5;-0,1555374;0,1547648;0,2517684
1;2;3;4;5;-0,1536085;0,1530202;0,252601
1;2;3;4;5;-0,1518236;0,1510393;0,2533242
1;2;3;4;5;-0,1497948;0,149037;0,2544651
1;2;3;4;5;-0,1474022;0,147233;0,2556811
1;2;3;4;5;-0,1451529;0,1456593;0,2563449
1;2;3;4;5;-0,1428943;0,1441377;0,2567159
1;2;3;4;5;-0,1407662;0,1428893;0,2567625
1;2;3;4;5;-0,1390837;0,14174;0,2568858
1;2;3;4;5;-0,1379681;0,1409886;0,2567071
1;2;3;4;5;-0,1368265;0,1403612;0,2564138
1;2;3;4;5;-0,1354994;0,1396958;0,2563227
1;2;3;4;5;-0,133968;0,1389848;0,2564088
1;2;3;4;5;-0,1325841;0,1387862;0,2560113
1;2;3;4;5;-0,1318814;0,1391265;0,2552752
1;2;3;4;5;-0,1312972;0,1393323;0,2548397
1;2;3;4;5;-0,1306412;0,1392644;0,2546313
1;2;3;4;5;-0,1300382;0,1392861;0,2546549
1;2;3;4;5;-0,1295412;0,1393384;0,2545749
1;2;3;4;5;-0,1291665;0,1395152;0,2544028
1;2;3;4;5;-0,1289404;0,1398515;0,2540219
1;2;3;4;5;-0,1290308;0,1401518;0,2536223
1;2;3;4;5;-0,1295343;0,1402813;0,2535093
1;2;3;4;5;-0,1296095;0,1403545;0,2532851
1;2;3;4;5;-0,1294851;0,140419;0,2531046
1;2;3;4;5;-0,1292455;0,1404986;0,2528671
1;2;3;4;5;-0,1292818;0,1405613;0,25269
1;2;3;4;5;-0,1294483;0,14066;0,2524422
1;2;3;4;5;-0,1296931;0,1408;0,2521454
1;2;3;4;5;-0,1298354;0,1408694;0,2519922
1;2;3;4;5;-0,1298655;0,1408231;0,2518659
1;2;3;4;5;-0,1297998;0,1408886;0,2515871
1;2;3;4;5;-0,1296211;0,1410094;0,2511497
1;2;3;4;5;-0,1295948;0,1409138;0,2509989
1;2;3;4;5;-0,1299724;0,1407599;0,2508725
1;2;3;4;5;-0,1299661;0,1406307;0,2507191
1;2;3;4;5;-0,1296157;0,1402845;0,2508915
1;2;3;4;5;-0,1285207;0,1398518;0,2506279
1;2;3;4;5;-0,1278848;0,1394333;0,2509567
1;2;3;4;5;-0,1277904;0,1392226;0,2510621
1;2;3;4;5;-0,1276481;0,1390803;0,2510513
1;2;3;4;5;-0,1274165;0,1391111;0,2510211
1;2;3;4;5;-0,1271494;0,1391994;0,2509462
1;2;3;4;5;-0,127505;0,139269;0,2510617
1;2;3;4;5;-0,1272155;0,1394593;0,2509201
1;2;3;4;5;-0,1266598;0,1399975;0,2504396
1;2;3;4;5;-0,126124;0,1410498;0,2498105
1;2;3;4;5;-0,1259123;0,1419954;0,249346
1;2;3;4;5;-0,1263324;0,1432295;0,2490506
1;2;3;4;5;-0,1270084;0,1447542;0,2485618
1;2;3;4;5;-0,1284139;0,1470444;0,2476894
1;2;3;4;5;-0,1303574;0,1500074;0,24638
1;2;3;4;5;-0,1327781;0,1535999;0,244688
1;2;3;4;5;-0,1356256;0,1575711;0,2426566
1;2;3;4;5;-0,138731;0,1616246;0,2406176
1;2;3;4;5;-0,1432096;0,1664788;0,2377359
1;2;3;4;5;-0,1477191;0,1711177;0,2348153
1;2;3;4;5;-0,1530999;0,1759161;0,2313244
1;2;3;4;5;-0,1576546;0,1799591;0,2282153
1;2;3;4;5;-0,1622821;0,1837158;0,2256732
1;2;3;4;5;-0,1673671;0,1870293;0,2231566
1;2;3;4;5;-0,1727003;0,1903515;0,2205448
1;2;3;4;5;-0,1784213;0,1934338;0,2172602
1;2;3;4;5;-0,1831676;0,196555;0,2137846
1;2;3;4;5;-0,1872753;0,1993151;0,2097978
1;2;3;4;5;-0,1906493;0,2019585;0,2068869
1;2;3;4;5;-0,193414;0,20461;0,2041079
1;2;3;4;5;-0,1965151;0,2068303;0,2011057
1;2;3;4;5;-0,2002409;0,2086679;0,1983251
1;2;3;4;5;-0,2036403;0,2102784;0,1960016
1;2;3;4;5;-0,206254;0,2117659;0,1942691
1;2;3;4;5;-0,208421;0,2130805;0,1928277
1;2;3;4;5;-0,210253;0,2142932;0,1915049
1;2;3;4;5;-0,2117637;0,2152936;0,1901598
1;2;3;4;5;-0,212898;0,2160945;0,1892263
1;2;3;4;5;-0,2142024;0,2166381;0,1885204
1;2;3;4;5;-0,2156164;0,2170051;0,1876004
1;2;3;4;5;-0,2169553;0,2172173;0,1868611
1;2;3;4;5;-0,2180637;0,2174574;0,1865893
1;2;3;4;5;-0,218946;0,2176313;0,1865434
1;2;3;4;5;-0,2200863;0,2177297;0,186299
1;2;3;4;5;-0,2214069;0,2176993;0,1859294
1;2;3;4;5;-0,2224421;0,2176126;0,185821
1;2;3;4;5;-0,223279;0,217457;0,186213
1;2;3;4;5;-0,2241495;0,2171691;0,1865517
1;2;3;4;5;-0,2246234;0,2165092;0,1873303
1;2;3;4;5;-0,2249013;0,2157227;0,1883843
1;2;3;4;5;-0,2251343;0,2144851;0,1896635
1;2;3;4;5;-0,2252912;0,2129995;0,1910481
1;2;3;4;5;-0,2252384;0,2112374;0,1926469
1;2;3;4;5;-0,2248396;0,2093483;0,1947999
1;2;3;4;5;-0,2244036;0,2071902;0,1971046
1;2;3;4;5;-0,2238658;0,2047863;0,199624
1;2;3;4;5;-0,2232761;0,2022557;0,202098
1;2;3;4;5;-0,2220256;0,1992965;0,204907
1;2;3;4;5;-0,2202374;0,1962772;0,207985
1;2;3;4;5;-0,2180189;0,1929475;0,2112969
1;2;3;4;5;-0,2154634;0,1895178;0,2146696
1;2;3;4;5;-0,2123458;0,1856277;0,2180621
1;2;3;4;5;-0,2088197;0,1814206;0,2214506
1;2;3;4;5;-0,2045223;0,1767482;0,2247758
1;2;3;4;5;-0,1994275;0,1718616;0,228172
1;2;3;4;5;-0,1933887;0,1668302;0,2313565
1;2;3;4;5;-0,1867907;0,1614328;0,2343295
1;2;3;4;5;-0,1799979;0,1557056;0,2369636
1;2;3;4;5;-0,1730072;0,1496402;0,2392024
1;2;3;4;5;-0,1657622;0,1433728;0,2407825
1;2;3;4;5;-0,1584252;0,1372112;0,2418995
1;2;3;4;5;-0,1516838;0,1312266;0,2421755
1;2;3;4;5;-0,1454781;0,1256896;0,241965
1;2;3;4;5;-0,1402865;0,120636;0,2411784
1;2;3;4;5;-0,1349316;0,1164089;0,2403693
1;2;3;4;5;-0,1292884;0,1129431;0,2397212
1;2;3;4;5;-0,1231528;0,1099424;0,2394559
1;2;3;4;5;-0,1170874;0,1084498;0,2391336
1;2;3;4;5;-0,1114021;0,1073767;0,2385248
1;2;3;4;5;-0,1052774;0,1080356;0,2377336
1;2;3;4;5;-0,0986103;0,1087285;0,2370606
1;2;3;4;5;-0,09215362;0,1097038;0,2361073
1;2;3;4;5;-0,08603427;0,112187;0,2342726
1;2;3;4;5;-0,08020303;0,1145357;0,2322099
1;2;3;4;5;-0,07381932;0,1173039;0,2298824
1;2;3;4;5;-0,06665087;0,1203872;0,2273961
1;2;3;4;5;-0,06033456;0,1233413;0,224824
1;2;3;4;5;-0,05511414;0,126689;0,2221559
1;2;3;4;5;-0,05006097;0,130029;0,2199021
1;2;3;4;5;-0,04583804;0,1336581;0,2179426
1;2;3;4;5;-0,04115044;0,1369475;0,2162112
1;2;3;4;5;-0,03633307;0,1403208;0,2145406
1;2;3;4;5;-0,03254641;0,1444105;0,2129315
1;2;3;4;5;-0,02990483;0,1489921;0,2117205
1;2;3;4;5;-0,0276852;0,1540446;0,2110216
1;2;3;4;5;-0,02528987;0,1592943;0,2104053
1;2;3;4;5;-0,02312916;0,1647733;0,2098635
1;2;3;4;5;-0,02137812;0,1707067;0,2092837
1;2;3;4;5;-0,02029255;0,1770425;0,20882
1;2;3;4;5;-0,01977001;0,1837196;0,2088409
1;2;3;4;5;-0,02009343;0,1910851;0,2087609
1;2;3;4;5;-0,02116296;0,1990558;0,2080222
1;2;3;4;5;-0,02289838;0,206901;0,2067325
1;2;3;4;5;-0,02428884;0,2136044;0,2063616
1;2;3;4;5;-0,02643927;0,2203349;0,2066822
1;2;3;4;5;-0,02966741;0,2271942;0,2065559
1;2;3;4;5;-0,03291561;0,2336972;0,2062326
1;2;3;4;5;-0,03692013;0,2393038;0,2056204
1;2;3;4;5;-0,04080564;0,2441703;0,2051553
1;2;3;4;5;-0,04459165;0,2484104;0,2057831
1;2;3;4;5;-0,04892427;0,2513323;0,2075088
1;2;3;4;5;-0,05374325;0,2545057;0,2088403
1;2;3;4;5;-0,0595119;0,2564784;0,2100031
1;2;3;4;5;-0,06472408;0,2583747;0,2109457
1;2;3;4;5;-0,07016099;0,2592095;0,2121719
1;2;3;4;5;-0,0757279;0,2586327;0,2144816
1;2;3;4;5;-0,08121459;0,2581439;0,2171859
1;2;3;4;5;-0,08672954;0,2562072;0,2203013
1;2;3;4;5;-0,09136227;0,2539247;0,2229332
1;2;3;4;5;-0,09551501;0,2513895;0,2254713
1;2;3;4;5;-0,09935326;0,2475296;0,2281805
1;2;3;4;5;-0,1036711;0,2438915;0,2306537
1;2;3;4;5;-0,1079486;0,2394895;0,2330688
1;2;3;4;5;-0,1119495;0,2345253;0,2354863
1;2;3;4;5;-0,1157398;0,2296785;0,2379247
1;2;3;4;5;-0,1191723;0,2242053;0,2403689
1;2;3;4;5;-0,1220679;0,2182185;0,2424344
1;2;3;4;5;-0,1242163;0,2124076;0,2444604
1;2;3;4;5;-0,1252583;0,2062009;0,2463422
1;2;3;4;5;-0,1268396;0,1997914;0,2475259
1;2;3;4;5;-0,128722;0,1930424;0,2480954
1;2;3;4;5;-0,1298293;0,1863393;0,2490604
1;2;3;4;5;-0,1299924;0,1795255;0,2501034
1;2;3;4;5;-0,1293904;0,1727233;0,2508144
1;2;3;4;5;-0,128272;0,1662145;0,2510461
1;2;3;4;5;-0,12685;0,1600256;0,2507195
1;2;3;4;5;-0,1250233;0,1540736;0,2502083
1;2;3;4;5;-0,1228364;0,1482377;0,2498857
1;2;3;4;5;-0,1202247;0,1423818;0,2496137
1;2;3;4;5;-0,1168866;0,1367702;0,2496128
1;2;3;4;5;-0,1128136;0,1314152;0,2494664
1;2;3;4;5;-0,108275;0,1264522;0,2492332
1;2;3;4;5;-0,1030703;0,1222482;0,248505
1;2;3;4;5;-0,09720785;0,1186946;0,2476341
1;2;3;4;5;-0,09112194;0,1148494;0,2472017
1;2;3;4;5;-0,08382919;0,110894;0,2474781
1;2;3;4;5;-0,07531952;0,1066595;0,2484611
1;2;3;4;5;-0,0663932;0,1025837;0,2493003
1;2;3;4;5;-0,05641535;0,09917857;0,249528
1;2;3;4;5;-0,0489311;0,09824418;0,2480987
1;2;3;4;5;-0,04385187;0,09922662;0,2461889
1;2;3;4;5;-0,03817059;0,1012782;0,2445279
1;2;3;4;5;-0,03206853;0,1040479;0,2429341
1;2;3;4;5;-0,02601261;0,1081367;0,2415404
1;2;3;4;5;-0,01981335;0,1125004;0,2403318
1;2;3;4;5;-0,01398531;0,1174117;0,2390283
1;2;3;4;5;-0,008583751;0,1237306;0,2374989
1;2;3;4;5;-0,003371088;0,129752;0,236151
1;2;3;4;5;0,001354964;0,1370381;0,234772
1;2;3;4;5;0,006015314;0,1452864;0,2327945
1;2;3;4;5;0,01047802;0,1535846;0,2304398
1;2;3;4;5;0,01403925;0,1629844;0,2275445
1;2;3;4;5;0,01677061;0,1727933;0,2247421
1;2;3;4;5;0,01944895;0,1819005;0,2223697
1;2;3;4;5;0,02235899;0,1906274;0,2208567
1;2;3;4;5;0,02473011;0,1995163;0,2190845
1;2;3;4;5;0,0256691;0,2090652;0,2168106
1;2;3;4;5;0,02564428;0,2188586;0,2144825
1;2;3;4;5;0,02452577;0,2286436;0,2120816
1;2;3;4;5;0,02297121;0,2377294;0,209881
1;2;3;4;5;0,02075671;0,2459308;0,2085403
1;2;3;4;5;0,01870214;0,253675;0,2081136
1;2;3;4;5;0,01567566;0,260398;0,2089499
1;2;3;4;5;0,01282534;0,2670656;0,2089182
1;2;3;4;5;0,009168847;0,2723577;0,2090047
1;2;3;4;5;0,005773619;0,2774394;0,2090943
1;2;3;4;5;0,001720602;0,2814531;0,209704
1;2;3;4;5;-0,002473244;0,2841607;0,2111564
1;2;3;4;5;-0,006068032;0,28681;0,2126883
1;2;3;4;5;-0,009956037;0,2882831;0,2144933
1;2;3;4;5;-0,01454489;0,2885125;0,2164624
1;2;3;4;5;-0,01905322;0,2888232;0,2184803
1;2;3;4;5;-0,02353035;0,2879132;0,2208727
1;2;3;4;5;-0,02765487;0,2861942;0,2236933
1;2;3;4;5;-0,03194159;0,2838953;0,2268214
1;2;3;4;5;-0,03628539;0,2809833;0,2299781
1;2;3;4;5;-0,04029526;0,2775303;0,2332781
1;2;3;4;5;-0,04422456;0,2735998;0,2366559
1;2;3;4;5;-0,04829964;0,2694204;0,2399791
1;2;3;4;5;-0,05265814;0,2641638;0,2430077
1;2;3;4;5;-0,0564565;0,2585699;0,2458321
1;2;3;4;5;-0,05949359;0,2529341;0,2488887
1;2;3;4;5;-0,06178357;0,2462466;0,2518902
1;2;3;4;5;-0,06400762;0,2395065;0,2547759
1;2;3;4;5;-0,06638483;0,2324447;0,2571904
1;2;3;4;5;-0,06824395;0,2247931;0,2593009
1;2;3;4;5;-0,06975718;0,2171591;0,2615463
1;2;3;4;5;-0,0699134;0,209123;0,2636806
1;2;3;4;5;-0,06853768;0,2009403;0,2656966
1;2;3;4;5;-0,06675412;0,1931591;0,266868
1;2;3;4;5;-0,06508416;0,1861939;0,2664795
1;2;3;4;5;-0,06334135;0,1797218;0,2661992
1;2;3;4;5;-0,06120195;0,1740175;0,2656206
1;2;3;4;5;-0,05931674;0,1692359;0,2651037
1;2;3;4;5;-0,05837718;0,1657999;0,2642153
1;2;3;4;5;-0,05717501;0,1634071;0,2632395
1;2;3;4;5;-0,05534877;0,1616437;0,2624954
1;2;3;4;5;-0,05416491;0,160501;0,2618325
1;2;3;4;5;-0,05376181;0,159949;0,261197
1;2;3;4;5;-0,05306276;0,1596653;0,2607883
1;2;3;4;5;-0,05205426;0,1597167;0,2605408
1;2;3;4;5;-0,05123902;0,159938;0,2602334
1;2;3;4;5;-0,05096766;0,1603774;0,260114
1;2;3;4;5;-0,05099981;0,1609668;0,2602935
1;2;3;4;5;-0,0513048;0,1616369;0,2606813
1;2;3;4;5;-0,05189427;0,162064;0,2610428
1;2;3;4;5;-0,05180801;0,162214;0,2617097
1;2;3;4;5;-0,05203848;0,1623884;0,2616919
1;2;3;4;5;-0,05223495;0,1627938;0,262038
1;2;3;4;5;-0,05250617;0,1632274;0,2623104
1;2;3;4;5;-0,05274813;0,1635018;0,2624237
1;2;3;4;5;-0,05283115;0,1636543;0,2624068
1;2;3;4;5;-0,05298777;0,163954;0,2625486
1;2;3;4;5;-0,05327133;0,1643426;0,2626997
1;2;3;4;5;-0,05350307;0,1647111;0,2628062
1;2;3;4;5;-0,05371148;0,1648678;0,2627276
1;2;3;4;5;-0,05381092;0,1647487;0,2625949
1;2;3;4;5;-0,05402414;0,1646885;0,2625377
1;2;3;4;5;-0,0541277;0,1645966;0,2624755
1;2;3;4;5;-0,05450357;0,1643458;0,2623656
1;2;3;4;5;-0,05477533;0,1639808;0,2622173
1;2;3;4;5;-0,05540373;0,1635008;0,2620055
1;2;3;4;5;-0,05563119;0,1633992;0,261941
1;2;3;4;5;-0,05600812;0,1631752;0,2617428
1;2;3;4;5;-0,05675784;0,1626245;0,2614261
1;2;3;4;5;-0,05883615;0,1612821;0,2610177
1;2;3;4;5;-0,06014288;0,1607881;0,2607733
1;2;3;4;5;-0,06163118;0,1603764;0,2603508
1;2;3;4;5;-0,06340579;0,1602685;0,2598005
1;2;3;4;5;-0,06516304;0,1601344;0,2591805
1;2;3;4;5;-0,06715114;0,1599998;0,2582833
1;2;3;4;5;-0,06895586;0,1597955;0,2575255
1;2;3;4;5;-0,07061901;0,1596466;0,2567227
1;2;3;4;5;-0,0724037;0,1594795;0,2558737
1;2;3;4;5;-0,07449513;0,1594209;0,2549452
1;2;3;4;5;-0,07700019;0,1597095;0,2534546
1;2;3;4;5;-0,07919221;0,1593442;0,2520563
1;2;3;4;5;-0,08108339;0,1585796;0,2512824
1;2;3;4;5;-0,08281654;0,157628;0,2506749
1;2;3;4;5;-0,08459631;0,1568511;0,2497018
1;2;3;4;5;-0,0865809;0,1560698;0,2484211
1;2;3;4;5;-0,08863463;0,1548433;0,2470798
1;2;3;4;5;-0,09064434;0,1536742;0,2458464
1;2;3;4;5;-0,09232289;0,1519315;0,2446306
1;2;3;4;5;-0,09338447;0,1500693;0,2438797
1;2;3;4;5;-0,09406415;0,1483356;0,2432621
1;2;3;4;5;-0,09487607;0,1466568;0,2426243
1;2;3;4;5;-0,09590237;0,145268;0,2418515
1;2;3;4;5;-0,09708378;0,1443865;0,2410271
1;2;3;4;5;-0,09870286;0,1435417;0,2399513
1;2;3;4;5;-0,100113;0,1426546;0,2393312
1;2;3;4;5;-0,1013194;0,1418012;0,2389516
1;2;3;4;5;-0,1025417;0,1411459;0,2388851
1;2;3;4;5;-0,1037717;0,1404582;0,2386311
1;2;3;4;5;-0,1050062;0,1398809;0,2386921
1;2;3;4;5;-0,1060778;0,1394734;0,2385954
1;2;3;4;5;-0,1070239;0,139365;0,238159
1;2;3;4;5;-0,1078945;0,1394962;0,2374161
1;2;3;4;5;-0,1084963;0,1396884;0,2366767
1;2;3;4;5;-0,1087278;0,1396629;0,2362706
1;2;3;4;5;-0,1088657;0,1395121;0,2362969
1;2;3;4;5;-0,1084121;0,1395631;0,236643
1;2;3;4;5;-0,1078068;0,13975;0,2369539
1;2;3;4;5;-0,1080454;0,1396812;0,2367819
1;2;3;4;5;-0,1084696;0,1395504;0,2363451
1;2;3;4;5;-0,1084294;0,1395935;0,2358981
1;2;3;4;5;-0,1083827;0,1396713;0,2356461
1;2;3;4;5;-0,1084825;0,1396391;0,2356787
1;2;3;4;5;-0,1085461;0,1396894;0,2355892
1;2;3;4;5;-0,1084684;0,1396973;0,2357812
1;2;3;4;5;-0,1085631;0,1396335;0,235939
1;2;3;4;5;-0,1086994;0,1394857;0,2360971
1;2;3;4;5;-0,1086914;0,1393043;0,2362814
1;2;3;4;5;-0,1086477;0,1392005;0,2362791
1;2;3;4;5;-0,1087539;0,1391538;0,2362882
1;2;3;4;5;-0,108766;0,138974;0,2363987
1;2;3;4;5;-0,1087947;0,1389859;0,2363579
1;2;3;4;5;-0,1087579;0,1388955;0,2362276
1;2;3;4;5;-0,1087213;0,1388374;0,2360452
1;2;3;4;5;-0,1087099;0,1388062;0,2358748
1;2;3;4;5;-0,1087652;0,1387248;0,2356793
1;2;3;4;5;-0,1088999;0,1386118;0,2358268
1;2;3;4;5;-0,1089774;0,1384953;0,2359262
1;2;3;4;5;-0,109037;0,13831;0,2359602
1;2;3;4;5;-0,1090803;0,138082;0,2359634
1;2;3;4;5;-0,1090899;0,1376565;0,2359374
1;2;3;4;5;-0,109213;0,1371759;0,2359747
1;2;3;4;5;-0,1092844;0,1366803;0,2360056
1;2;3;4;5;-0,1092154;0,1365177;0,236035
1;2;3;4;5;-0,1091225;0,1362889;0,2360686
1;2;3;4;5;-0,1088238;0,1358167;0,2360852
1;2;3;4;5;-0,1085289;0,1353583;0,2361353
1;2;3;4;5;-0,108371;0,1349867;0,2361393
1;2;3;4;5;-0,1079688;0,1345065;0,2361137
1;2;3;4;5;-0,107662;0,1342837;0,236156
1;2;3;4;5;-0,1074207;0,1341144;0,236268
1;2;3;4;5;-0,1066956;0,1337315;0,2363353
1;2;3;4;5;-0,1060556;0,1335206;0,2363981
1;2;3;4;5;-0,1058223;0,1334622;0,236435
1;2;3;4;5;-0,105383;0,1333879;0,2364317
1;2;3;4;5;-0,1049148;0,1333604;0,2363782
1;2;3;4;5;-0,104772;0,1333334;0,2363466
1;2;3;4;5;-0,1044204;0,1333321;0,2363292
1;2;3;4;5;-0,1041264;0,1333626;0,2363344
1;2;3;4;5;-0,1039077;0,1334315;0,2363257
1;2;3;4;5;-0,1041695;0,1333585;0,2363781
1;2;3;4;5;-0,1041747;0,1334255;0,2363821
1;2;3;4;5;-0,1042389;0,1334366;0,2364039
1;2;3;4;5;-0,1042453;0,1335802;0,2363601
1;2;3;4;5;-0,1044005;0,1338425;0,2362412
1;2;3;4;5;-0,1046597;0,1338786;0,2361738
1;2;3;4;5;-0,1051058;0,1341939;0,2359038
1;2;3;4;5;-0,1058272;0,1347005;0,2354106
1;2;3;4;5;-0,1068198;0,1353056;0,2348728
1;2;3;4;5;-0,1076145;0,1356436;0,2345643
1;2;3;4;5;-0,1082781;0,135801;0,2345613
1;2;3;4;5;-0,1090034;0,1359569;0,2345834
1;2;3;4;5;-0,1102881;0,1363285;0,2345068
1;2;3;4;5;-0,1112519;0,1366528;0,2343704
1;2;3;4;5;-0,1123607;0,1370053;0,2341976
1;2;3;4;5;-0,1134652;0,1372908;0,2341886
1;2;3;4;5;-0,1144882;0,1375309;0,2342797
1;2;3;4;5;-0,1155491;0,1377374;0,2344362
1;2;3;4;5;-0,1165171;0,1378902;0,2346689
1;2;3;4;5;-0,117436;0,1380412;0,2348837
1;2;3;4;5;-0,1182332;0,1381758;0,235134
1;2;3;4;5;-0,118691;0,1382338;0,2353158
1;2;3;4;5;-0,1191315;0,1382407;0,2355197
1;2;3;4;5;-0,1194692;0,138215;0,2356806
1;2;3;4;5;-0,1197483;0,138125;0,2357878
1;2;3;4;5;-0,1198833;0,1379241;0,2359696
1;2;3;4;5;-0,1199577;0,1376475;0,2362183
1;2;3;4;5;-0,1200547;0,1372733;0,2365152
1;2;3;4;5;-0,1201641;0,1367259;0,2368556
1;2;3;4;5;-0,1201885;0,136113;0,2371228
1;2;3;4;5;-0,1199909;0,1352081;0,2374525
1;2;3;4;5;-0,1194453;0,1340208;0,2379324
1;2;3;4;5;-0,118709;0,1328965;0,2383676
1;2;3;4;5;-0,1179669;0,131975;0,238651
1;2;3;4;5;-0,1172995;0,1311703;0,2387784
1;2;3;4;5;-0,1165752;0,1304283;0,2388203
1;2;3;4;5;-0,1157149;0,1297599;0,2388542
1;2;3;4;5;-0,1146947;0,1292032;0,2389027
1;2;3;4;5;-0,1137338;0,1288453;0,2387788
1;2;3;4;5;-0,1128923;0,1286255;0,238491
1;2;3;4;5;-0,1120807;0,1287141;0,2380041
1;2;3;4;5;-0,1113114;0,1288818;0,2375543
1;2;3;4;5;-0,1107465;0,1293279;0,2369531
1;2;3;4;5;-0,1100184;0,1298771;0,2361312
1;2;3;4;5;-0,1098231;0,1304699;0,2353764
1;2;3;4;5;-0,1096774;0,1312322;0,2343684
1;2;3;4;5;-0,1096742;0,1318201;0,2336743
1;2;3;4;5;-0,1098638;0,132337;0,2331166
1;2;3;4;5;-0,1101872;0,1326924;0,2328112
1;2;3;4;5;-0,1105255;0,1328539;0,2327409
1;2;3;4;5;-0,1108692;0,1327577;0,2330598
1;2;3;4;5;-0,1110694;0,1327259;0,2332209
1;2;3;4;5;-0,1113712;0,1327854;0,2332571
1;2;3;4;5;-0,112122;0,133034;0,2331773
1;2;3;4;5;-0,1126272;0,1331323;0,2332213
1;2;3;4;5;-0,1131571;0,1332074;0,233353
1;2;3;4;5;-0,1137119;0,1331946;0,2336693
1;2;3;4;5;-0,1142243;0,1330923;0,2341726
1;2;3;4;5;-0,114312;0,1329877;0,234447
1;2;3;4;5;-0,1144641;0,1328981;0,2347172
1;2;3;4;5;-0,1147636;0,1327367;0,235171
1;2;3;4;5;-0,1148723;0,1325843;0,2355392
1;2;3;4;5;-0,1148016;0,1324469;0,2358921
1;2;3;4;5;-0,1146373;0,1323156;0,2362731
1;2;3;4;5;-0,1144032;0,1322462;0,2365063
1;2;3;4;5;-0,1141396;0,1322272;0,2365377
1;2;3;4;5;-0,1139601;0,1322401;0,2364985
1;2;3;4;5;-0,1136576;0,1322501;0,2364735
1;2;3;4;5;-0,1131288;0,1323106;0,2362839
1;2;3;4;5;-0,1127421;0,1323798;0,236018
1;2;3;4;5;-0,1126006;0,132378;0,2358247
1;2;3;4;5;-0,1126945;0,1323526;0,2358738
1;2;3;4;5;-0,1125654;0,1323512;0,2358211
1;2;3;4;5;-0,1122804;0,1323672;0,2356741
1;2;3;4;5;-0,1122367;0,132371;0,2356119
1;2;3;4;5;-0,1123332;0,1323619;0,2355996
1;2;3;4;5;-0,1123956;0,1323993;0,2354663
1;2;3;4;5;-0,1125337;0,1324998;0,2352633
1;2;3;4;5;-0,1126435;0,132584;0,2351436
1;2;3;4;5;-0,1127227;0,1326458;0,2350995
1;2;3;4;5;-0,1128206;0,1327265;0,23507
1;2;3;4;5;-0,1129407;0,1327904;0,2350653
1;2;3;4;5;-0,1131343;0,1328718;0,2350698
1;2;3;4;5;-0,1133679;0,1330006;0,2350923
1;2;3;4;5;-0,1136696;0,1331859;0,235179
1;2;3;4;5;-0,1141053;0,1335213;0,2354434
1;2;3;4;5;-0,1144876;0,1337691;0,2359931
1;2;3;4;5;-0,1148595;0,1339674;0,2369089
1;2;3;4;5;-0,1152392;0,1342407;0,2383294
1;2;3;4;5;-0,1157092;0,1348121;0,2400172
1;2;3;4;5;-0,1166521;0,1357966;0,2423227
1;2;3;4;5;-0,1177558;0,1370422;0,2446191
1;2;3;4;5;-0,1189991;0,1386819;0,247585
1;2;3;4;5;-0,1202555;0,1405147;0,2514316
1;2;3;4;5;-0,1211318;0,1420905;0,2554525
1;2;3;4;5;-0,1219762;0,1437445;0,2598727
1;2;3;4;5;-0,1230357;0,1453624;0,2641208
1;2;3;4;5;-0,124269;0,147243;0,2680576
1;2;3;4;5;-0,1255456;0,1492332;0,2713078
1;2;3;4;5;-0,126318;0,1510708;0,2744727
1;2;3;4;5;-0,1262604;0,152475;0,2778143
1;2;3;4;5;-0,1258879;0,1532373;0,2814994
1;2;3;4;5;-0,1248671;0,1530301;0,2854785
1;2;3;4;5;-0,1239018;0,1525208;0,2894146
1;2;3;4;5;-0,12338;0,151961;0,2933147
1;2;3;4;5;-0,1232796;0,1508269;0,2974038
1;2;3;4;5;-0,1231401;0,1492886;0,3021109
1;2;3;4;5;-0,1230958;0,1468911;0,3069129
1;2;3;4;5;-0,1229514;0,1439036;0,3118672
1;2;3;4;5;-0,1228311;0,1398544;0,3169156
1;2;3;4;5;-0,1228627;0,1367071;0,321308
1;2;3;4;5;-0,1232645;0,1337313;0,3257419
1;2;3;4;5;-0,1239658;0,1314286;0,3304381
1;2;3;4;5;-0,1249531;0,1290123;0,3352206
1;2;3;4;5;-0,1259943;0,1262718;0,3399603
1;2;3;4;5;-0,1271755;0,1234612;0,3446492
1;2;3;4;5;-0,1285026;0,1206967;0,348635
1;2;3;4;5;-0,1293847;0,1178799;0,3526059
1;2;3;4;5;-0,1301976;0,1152142;0,3564575
1;2;3;4;5;-0,1310228;0,1128958;0,3607351
1;2;3;4;5;-0,131874;0,1109511;0,3651967
1;2;3;4;5;-0,1326754;0,1089831;0,3693582
1;2;3;4;5;-0,1333171;0,1069051;0,3732193
1;2;3;4;5;-0,1339528;0,104424;0,3768916
1;2;3;4;5;-0,1347413;0,1018416;0,380477
1;2;3;4;5;-0,1357667;0,09917089;0,3840429
1;2;3;4;5;-0,136927;0,09642126;0,3875492
1;2;3;4;5;-0,1381416;0,09342564;0,3908269
1;2;3;4;5;-0,1394152;0,09062763;0,3939556
1;2;3;4;5;-0,1405694;0,08778444;0,3970121
1;2;3;4;5;-0,1414435;0,0847907;0,3998955
1;2;3;4;5;-0,1422609;0,08199009;0,4026564
1;2;3;4;5;-0,1430324;0,0794169;0,4054367
1;2;3;4;5;-0,1435363;0,0770517;0,4081569
1;2;3;4;5;-0,1437812;0,07489804;0,4110062
1;2;3;4;5;-0,1438895;0,07297792;0,4138197
1;2;3;4;5;-0,1437272;0,07145606;0,4164706
1;2;3;4;5;-0,1436886;0,0698874;0,419122
1;2;3;4;5;-0,1435423;0,06823601;0,4213028
1;2;3;4;5;-0,1424251;0,071595;0,4197611
1;2;3;4;5;-0,1415527;0,07019179;0,4210838
1;2;3;4;5;-0,1409148;0,07047382;0,4223984
1;2;3;4;5;-0,1402885;0,07068977;0,4246341
1;2;3;4;5;-0,1395114;0,07148678;0,4269121
1;2;3;4;5;-0,138835;0,0714156;0,4291255
1;2;3;4;5;-0,1382968;0,07107561;0,4301526
1;2;3;4;5;-0,1380627;0,07040109;0,4306318
1;2;3;4;5;-0,1379004;0,06952314;0,431106
1;2;3;4;5;-0,1379513;0,06877677;0,4310551
1;2;3;4;5;-0,1380098;0,067531;0,4312578
1;2;3;4;5;-0,1382187;0,06575812;0,4315242
1;2;3;4;5;-0,1386173;0,06372781;0,4313945
1;2;3;4;5;-0,1388072;0,06236105;0,4314498
1;2;3;4;5;-0,1388643;0,06163066;0,4315224
1;2;3;4;5;-0,1388589;0,06123418;0,4314154
1;2;3;4;5;-0,1386319;0,06101818;0,4314475
1;2;3;4;5;-0,1385795;0,06067433;0,4317912
1;2;3;4;5;-0,1386293;0,06019464;0,4324939
1;2;3;4;5;-0,1384028;0,05977133;0,4336015
1;2;3;4;5;-0,1380199;0,05919901;0,4345669
1;2;3;4;5;-0,1375189;0,05887436;0,4354542
1;2;3;4;5;-0,1369133;0,05850388;0,4364595
1;2;3;4;5;-0,1352537;0,05954787;0,4372374
1;2;3;4;5;-0,1346498;0,05932333;0,4382419
1;2;3;4;5;-0,1342719;0,05945241;0,4392656
1;2;3;4;5;-0,1338822;0,05939043;0,4403379
1;2;3;4;5;-0,1335605;0,05917926;0,441044
1;2;3;4;5;-0,133295;0,05872402;0,4417413
1;2;3;4;5;-0,1331153;0,05844468;0,442371
1;2;3;4;5;-0,1329773;0,0583733;0,4430237
1;2;3;4;5;-0,1329861;0,05829515;0,443659
1;2;3;4;5;-0,1330031;0,05784258;0,4444448
1;2;3;4;5;-0,1329839;0,05763057;0,4452437
1;2;3;4;5;-0,1331222;0,05755996;0,4460644
1;2;3;4;5;-0,1334665;0,05785226;0,4478751
1;2;3;4;5;-0,1332186;0,05759142;0,449477
1;2;3;4;5;-0,1329907;0,05761166;0,4513625
1;2;3;4;5;-0,1328728;0,05755091;0,4530962
1;2;3;4;5;-0,1327071;0,05750946;0,4543706
1;2;3;4;5;-0,1325648;0,05740645;0,4556701
1;2;3;4;5;-0,1326724;0,0571413;0,4574683
1;2;3;4;5;-0,1330208;0,05679936;0,4595174
1;2;3;4;5;-0,1335482;0,05654455;0,4613668
1;2;3;4;5;-0,1338206;0,05616352;0,4628369
1;2;3;4;5;-0,1340498;0,05603581;0,4638076
1;2;3;4;5;-0,1342153;0,05565235;0,4649421
1;2;3;4;5;-0,1344723;0,05560569;0,4664338
1;2;3;4;5;-0,1348736;0,05536421;0,4675633
1;2;3;4;5;-0,135122;0,05515821;0,4684167
1;2;3;4;5;-0,1354614;0,05515783;0,4685777
1;2;3;4;5;-0,1356568;0,05488496;0,4687182
1;2;3;4;5;-0,1358186;0,05467778;0,4689714
1;2;3;4;5;-0,1361199;0,05446202;0,4696565
1;2;3;4;5;-0,1364789;0,05424535;0,470513
1;2;3;4;5;-0,1371544;0,05389762;0,4716914
1;2;3;4;5;-0,1376114;0,0537646;0,4724715
1;2;3;4;5;-0,1380104;0,05369956;0,4730403
1;2;3;4;5;-0,1384056;0,05378022;0,4735083
1;2;3;4;5;-0,1385532;0,05384137;0,4740221
1;2;3;4;5;-0,1387567;0,05379799;0,4747514
1;2;3;4;5;-0,1384932;0,05394074;0,474603
1;2;3;4;5;-0,1384996;0,05405571;0,4744958
1;2;3;4;5;-0,1389621;0,05368694;0,4760144
1;2;3;4;5;-0,1389621;0,05365008;0,4763628
1;2;3;4;5;-0,1388834;0,05369608;0,4764703
1;2;3;4;5;-0,1390495;0,05364793;0,4768721
1;2;3;4;5;-0,1392242;0,05369079;0,4772772
1;2;3;4;5;-0,1395648;0,05368477;0,4781062
1;2;3;4;5;-0,1401309;0,05364918;0,4791816
1;2;3;4;5;-0,1405331;0,05363173;0,4800221
1;2;3;4;5;-0,1409607;0,05368845;0,4806808
1;2;3;4;5;-0,1412905;0,05372844;0,4811834
1;2;3;4;5;-0,1416663;0,05371255;0,4817652
1;2;3;4;5;-0,1419403;0,0538329;0,4825161
1;2;3;4;5;-0,1423142;0,05374448;0,4832237
1;2;3;4;5;-0,1427517;0,05362714;0,4838369
1;2;3;4;5;-0,1434339;0,05349406;0,4842316
1;2;3;4;5;-0,144025;0,05346667;0,4843935
1;2;3;4;5;-0,1442592;0,05342697;0,4840655
1;2;3;4;5;-0,1445109;0,05347803;0,4837289
1;2;3;4;5;-0,1450228;0,05335029;0,4834304
1;2;3;4;5;-0,1455536;0,05321139;0,4830137
1;2;3;4;5;-0,1458492;0,05325506;0,482525
1;2;3;4;5;-0,1462777;0,05305206;0,4819617
1;2;3;4;5;-0,1465101;0,05314793;0,4811074
1;2;3;4;5;-0,1469608;0,0531226;0,4801433
1;2;3;4;5;-0,1473325;0,0531307;0,4794234
1;2;3;4;5;-0,1481761;0,05297517;0,4785363
1;2;3;4;5;-0,1492294;0,05279666;0,477436
1;2;3;4;5;-0,1504838;0,05254561;0,4760475
1;2;3;4;5;-0,1520723;0,05216641;0,4743125
1;2;3;4;5;-0,1536158;0,05191767;0,4722865
1;2;3;4;5;-0,1551799;0,05156914;0,4700714
1;2;3;4;5;-0,1569351;0,05109234;0,4676397
1;2;3;4;5;-0,1587838;0,05042436;0,4652897
1;2;3;4;5;-0,1608047;0,05006995;0,4632694
1;2;3;4;5;-0,1626986;0,04911728;0,4619295
1;2;3;4;5;-0,1640568;0,04886039;0,4607334
1;2;3;4;5;-0,1648259;0,04843371;0,4594449
1;2;3;4;5;-0,1655933;0,04776703;0,4580068
1;2;3;4;5;-0,1654648;0,04754762;0,4568062
1;2;3;4;5;-0,1649297;0,04722492;0,4557225
1;2;3;4;5;-0,1648545;0,04692887;0,4548129
1;2;3;4;5;-0,1649744;0,04692874;0,4540887
1;2;3;4;5;-0,1653735;0,04756783;0,453307
1;2;3;4;5;-0,1660769;0,04794375;0,4520922
1;2;3;4;5;-0,1662778;0,04804173;0,4520443
1;2;3;4;5;-0,1666761;0,04792866;0,451496
1;2;3;4;5;-0,167358;0,04780383;0,4501656
1;2;3;4;5;-0,1680678;0,04761263;0,4484543
1;2;3;4;5;-0,168292;0,04742948;0,4475262
1;2;3;4;5;-0,1685952;0,04755604;0,4465369
1;2;3;4;5;-0,1684017;0,0477014;0,4461732
1;2;3;4;5;-0,1691849;0,04746509;0,4436299
1;2;3;4;5;-0,1694462;0,04750898;0,4421299
1;2;3;4;5;-0,1690942;0,04762234;0,4425454
1;2;3;4;5;-0,1693112;0,04756937;0,4407843
1;2;3;4;5;-0,1693227;0,04758666;0,4403417
1;2;3;4;5;-0,169393;0,0475719;0,4393997
1;2;3;4;5;-0,1695792;0,04742607;0,4363856
1;2;3;4;5;-0,169555;0,04737293;0,4348727
1;2;3;4;5;-0,1694374;0,04742217;0,4342812
1;2;3;4;5;-0,169067;0,04734655;0,4309095
1;2;3;4;5;-0,1684885;0,04730938;0,428617
1;2;3;4;5;-0,1677644;0,04743759;0,4263926
1;2;3;4;5;-0,1670932;0,04757867;0,4243427
1;2;3;4;5;-0,1669597;0,04779654;0,4240167
1;2;3;4;5;-0,1666434;0,04778189;0,4233292
1;2;3;4;5;-0,1662994;0,04790256;0,4218969
1;2;3;4;5;-0,1667267;0,04805983;0,4220086
1;2;3;4;5;-0,1674388;0,04808632;0,4220485
1;2;3;4;5;-0,1684362;0,04830985;0,4230264
1;2;3;4;5;-0,1693293;0,04850082;0,4239699
1;2;3;4;5;-0,1706398;0,04869465;0,4256162
1;2;3;4;5;-0,1722731;0,04864261;0,4280934
1;2;3;4;5;-0,174269;0,04859608;0,4309726
1;2;3;4;5;-0,1764985;0,04848044;0,4334674
1;2;3;4;5;-0,1788147;0,04830363;0,436033
1;2;3;4;5;-0,1813209;0,04810546;0,4389165
1;2;3;4;5;-0,1840601;0,04810998;0,44188
1;2;3;4;5;-0,186865;0,04787391;0,4450695
1;2;3;4;5;-0,1897505;0,04770185;0,4481309
1;2;3;4;5;-0,1925278;0,04769822;0,4510003
1;2;3;4;5;-0,1953415;0,04782359;0,4539272
1;2;3;4;5;-0,1981595;0,04778527;0,4569454
1;2;3;4;5;-0,2010408;0,04753727;0,4601098
1;2;3;4;5;-0,2038467;0,0476817;0,4630263
1;2;3;4;5;-0,2064693;0,04751624;0,4661126
1;2;3;4;5;-0,2092028;0,04771229;0,4692426
1;2;3;4;5;-0,2119126;0,04800548;0,4722175
1;2;3;4;5;-0,2145475;0,04811817;0,4748582
1;2;3;4;5;-0,2164802;0,04876396;0,4771052
1;2;3;4;5;-0,2190273;0,04816565;0,4796912
1;2;3;4;5;-0,2209021;0,04838023;0,4818948
1;2;3;4;5;-0,2231472;0,04881025;0,4845526
1;2;3;4;5;-0,2248745;0,04972086;0,4870792
1;2;3;4;5;-0,2267616;0,04997054;0,4895656
1;2;3;4;5;-0,2283111;0,05038306;0,4912729
1;2;3;4;5;-0,229597;0,05060599;0,4927868
1;2;3;4;5;-0,2309666;0,05083098;0,4942637
1;2;3;4;5;-0,231799;0,05062149;0,495003
1;2;3;4;5;-0,2335639;0,05085797;0,4969065
1;2;3;4;5;-0,2349578;0,05086034;0,4984372
1;2;3;4;5;-0,2357522;0,05121991;0,4996456
1;2;3;4;5;-0,2367103;0,05107978;0,5013149
1;2;3;4;5;-0,2376807;0,05089173;0,502519
1;2;3;4;5;-0,2386348;0,05081798;0,5036255
1;2;3;4;5;-0,2380636;0,0505463;0,5032704
1;2;3;4;5;-0,23887;0,05003146;0,5049543
1;2;3;4;5;-0,2387946;0,04992492;0,5050813
1;2;3;4;5;-0,2390797;0,04969575;0,5060358
1;2;3;4;5;-0,2392848;0,04953562;0,506852
1;2;3;4;5;-0,2396035;0,04945546;0,5083228
1;2;3;4;5;-0,2394885;0,04924689;0,5087591
1;2;3;4;5;-0,2391007;0,04909585;0,5095765
1;2;3;4;5;-0,2386271;0,04899377;0,5092843
1;2;3;4;5;-0,2382353;0,0488823;0,5089952
1;2;3;4;5;-0,2377926;0,04874689;0,5085906
1;2;3;4;5;-0,2373502;0,04862525;0,5083335
1;2;3;4;5;-0,2368313;0,04849958;0,5082446
1;2;3;4;5;-0,2362497;0,0483968;0,5081261
1;2;3;4;5;-0,235693;0,04828893;0,5080019
1;2;3;4;5;-0,2352399;0,04819436;0,5078579
1;2;3;4;5;-0,2350058;0,04807622;0,5076067
1;2;3;4;5;-0,2349421;0,04795432;0,5073913
1;2;3;4;5;-0,2353835;0,04805436;0,5074879
1;2;3;4;5;-0,2355706;0,04802957;0,5076126
1;2;3;4;5;-0,2355773;0,04793509;0,5076295
1;2;3;4;5;-0,2355823;0,0478674;0,5076333
1;2;3;4;5;-0,23559;0,04786243;0,5076231
1;2;3;4;5;-0,2355788;0,04779746;0,507602
1;2;3;4;5;-0,2355734;0,04762521;0,5076249
1;2;3;4;5;-0,235559;0,04743956;0,5076425
1;2;3;4;5;-0,2355104;0,04741235;0,5076272
1;2;3;4;5;-0,2354413;0,04741607;0,5075841
1;2;3;4;5;-0,2354355;0,04753644;0,5075816
1;2;3;4;5;-0,2354488;0,04765055;0,5075846
1;2;3;4;5;-0,235449;0,04773661;0,5075798
1;2;3;4;5;-0,2354387;0,04784463;0,5075549
1;2;3;4;5;-0,2354206;0,04794136;0,507528
1;2;3;4;5;-0,2354147;0,04810533;0,5075094
1;2;3;4;5;-0,235388;0,04820174;0,5074816
1;2;3;4;5;-0,2353784;0,04831887;0,5074656
1;2;3;4;5;-0,2353783;0,04841533;0,507462
1;2;3;4;5;-0,235373;0,04850116;0,5074558
1;2;3;4;5;-0,2354191;0,04857706;0,5074716
1;2;3;4;5;-0,2354435;0,04861405;0,507479
1;2;3;4;5;-0,235689;0,04892472;0,5075842
1;2;3;4;5;-0,235689;0,04892483;0,5075842
1;2;3;4;5;-0,235689;0,04892496;0,5075842
1;2;3;4;5;-0,235689;0,04892501;0,5075842
1;2;3;4;5;-0,235689;0,04892491;0,5075842
1;2;3;4;5;-0,235689;0,04892492;0,5075842
1;2;3;4;5;-0,235689;0,04892495;0,5075842
1;2;3;4;5;-0,2356891;0,04892491;0,5075842
1;2;3;4;5;-0,2356891;0,04892497;0,5075842
1;2;3;4;5;-0,235689;0,04892488;0,5075842
1;2;3;4;5;-0,235689;0,04892467;0,5075842
1;2;3;4;5;-0,235689;0,04892484;0,5075843
1;2;3;4;5;-0,235689;0,04892494;0,5075842
1;2;3;4;5;-0,235689;0,04892487;0,5075843
1;2;3;4;5;-0,235689;0,04892491;0,5075842
1;2;3;4;5;-0,235689;0,04892488;0,5075842
1;2;3;4;5;-0,235689;0,04892492;0,5075842
1;2;3;4;5;-0,235689;0,04892499;0,5075842
1;2;3;4;5;-0,235689;0,04892491;0,5075842
1;2;3;4;5;-0,235689;0,04892486;0,5075843
1;2;3;4;5;-0,235689;0,048925;0,5075843
1;2;3;4;5;-0,235689;0,04892496;0,5075842
1;2;3;4;5;-0,235689;0,04892496;0,5075842
1;2;3;4;5;-0,235689;0,04892488;0,5075842
1;2;3;4;5;-0,235689;0,04892495;0,5075842
1;2;3;4;5;-0,235689;0,04892491;0,5075842
1;2;3;4;5;-0,235689;0,04892491;0,5075842
1;2;3;4;5;-0,235689;0,04892491;0,5075843
1;2;3;4;5;-0,235689;0,04892484;0,5075843
1;2;3;4;5;-0,235689;0,04892488;0,5075842
1;2;3;4;5;-0,235689;0,04892496;0,5075842
1;2;3;4;5;-0,2356891;0,04892496;0,5075842
1;2;3;4;5;-0,235689;0,04892491;0,5075842
1;2;3;4;5;-0,235689;0,04892484;0,5075843
1;2;3;4;5;-0,235689;0,04892488;0,5075842
1;2;3;4;5;-0,2356891;0,04892496;0,5075842
1;2;3;4;5;-0,235689;0,04892487;0,5075843
1;2;3;4;5;-0,2356891;0,04892496;0,5075842
1;2;3;4;5;-0,235689;0,04892496;0,5075842
1;2;3;4;5;-0,235689;0,04892491;0,5075842
1;2;3;4;5;-0,235689;0,04892488;0,5075842
1;2;3;4;5;-0,235689;0,04892499;0,5075842
1;2;3;4;5;-0,235689;0,04892496;0,5075842
1;2;3;4;5;-0,235689;0,04892483;0,5075842
1;2;3;4;5;-0,235689;0,04892492;0,5075843
1;2;3;4;5;-0,235689;0,04892496;0,5075842
1;2;3;4;5;-0,235689;0,04892487;0,5075843
1;2;3;4;5;-0,235689;0,04892496;0,5075842
1;2;3;4;5;-0,235689;0,04892496;0,5075842
1;2;3;4;5;-0,235689;0,04892495;0,5075842
1;2;3;4;5;-0,235689;0,04892491;0,5075842
1;2;3;4;5;-0,235689;0,04892491;0,5075843
1;2;3;4;5;-0,235689;0,04892498;0,5075843
1;2;3;4;5;-0,235689;0,04892483;0,5075842
1;2;3;4;5;-0,235689;0,04892488;0,5075842
1;2;3;4;5;-0,2356891;0,04892496;0,5075842
1;2;3;4;5;-0,2356891;0,04892489;0,5075842
1;2;3;4;5;-0,235689;0,04892491;0,5075842
1;2;3;4;5;-0,235689;0,04892498;0,5075843
1;2;3;4;5;-0,235689;0,04892496;0,5075842
1;2;3;4;5;-0,235689;0,04892496;0,5075842
1;2;3;4;5;-0,235689;0,04892496;0,5075842
1;2;3;4;5;-0,235689;0,04892484;0,5075843
1;2;3;4;5;-0,235689;0,04892496;0,5075842
1;2;3;4;5;-0,235689;0,04892491;0,5075842
1;2;3;4;5;-0,235689;0,04892497;0,5075842
1;2;3;4;5;-0,2356891;0,04892496;0,5075842
1;2;3;4;5;-0,235689;0,04892488;0,5075842
1;2;3;4;5;-0,235689;0,04892498;0,5075843
1;2;3;4;5;-0,235689;0,04892495;0,5075842
1;2;3;4;5;-0,235689;0,04892487;0,5075843
1;2;3;4;5;-0,235689;0,04892496;0,5075842
1;2;3;4;5;-0,2356891;0,04892488;0,5075842
1;2;3;4;5;-0,235689;0,04892496;0,5075842
1;2;3;4;5;-0,235689;0,04892491;0,5075842
1;2;3;4;5;-0,235689;0,04892496;0,5075842
1;2;3;4;5;-0,235689;0,04892491;0,5075842
1;2;3;4;5;-0,235689;0,04892495;0,5075842
1;2;3;4;5;-0,235689;0,04892496;0,5075842
1;2;3;4;5;-0,235689;0,04892491;0,5075842
1;2;3;4;5;-0,235689;0,04892494;0,5075842
1;2;3;4;5;-0,235689;0,04892487;0,5075843
1;2;3;4;5;-0,235689;0,04892497;0,5075842
1;2;3;4;5;-0,235689;0,04892496;0,5075842
1;2;3;4;5;-0,235689;0,04892496;0,5075842
1;2;3;4;5;-0,235689;0,04892491;0,5075843
1;2;3;4;5;-0,235689;0,04892487;0,5075843
1;2;3;4;5;-0,235689;0,04892491;0,5075842
1;2;3;4;5;-0,235689;0,04892498;0,5075843
1;2;3;4;5;-0,235689;0,04892488;0,5075842
1;2;3;4;5;-0,235689;0,04892496;0,5075842
1;2;3;4;5;-0,235689;0,04892496;0,5075842
1;2;3;4;5;-0,235689;0,04892496;0,5075842
1;2;3;4;5;-0,2356891;0,04892487;0,5075842
1;2;3;4;5;-0,235689;0,04892496;0,5075842
1;2;3;4;5;-0,235689;0,04892491;0,5075842
1;2;3;4;5;-0,235689;0,04892499;0,5075842
1;2;3;4;5;-0,235689;0,04892496;0,5075842
1;2;3;4;5;-0,235689;0,04892496;0,5075842
1;2;3;4;5;-0,235689;0,04892496;0,5075842
1;2;3;4;5;-0,235689;0,04892496;0,5075842
1;2;3;4;5;-0,235689;0,04892496;0,5075842
1;2;3;4;5;-0,235689;0,04892496;0,5075842
1;2;3;4;5;-0,235689;0,04892496;0,5075842
1;2;3;4;5;-0,235689;0,04892496;0,5075842
1;2;3;4;5;-0,235689;0,04892496;0,5075842
1;2;3;4;5;-0,235689;0,04892496;0,5075842
1;2;3;4;5;-0,235689;0,04892496;0,5075842
1;2;3;4;5;0;0;0
1;2;3;4;5;0;0;0
1;2;3;4;5;0;0;0
1;2;3;4;5;0;0;0
1;2;3;4;5;0;0;0
1;2;3;4;5;0;0;0
1;2;3;4;5;0;0;0
1;2;3;4;5;0;0;0
1;2;3;4;5;0;0;0
1;2;3;4;5;0;0;0
1;2;3;4;5;0;0;0
1;2;3;4;5;0;0;0
1;2;3;4;5;0;0;0
1;2;3;4;5;0;0;0
1;2;3;4;5;0;0;0
1;2;3;4;5;0;0;0
1;2;3;4;5;0;0;0
1;2;3;4;5;0;0;0
1;2;3;4;5;0;0;0
1;2;3;4;5;0;0;0
1;2;3;4;5;0;0;0
1;2;3;4;5;0;0;0
1;2;3;4;5;0;0;0
1;2;3;4;5;0;0;0
1;2;3;4;5;0;0;0
1;2;3;4;5;0;0;0
1;2;3;4;5;0;0;0
1;2;3;4;5;0;0;0
1;2;3;4;5;0;0;0
1;2;3;4;5;0;0;0
1;2;3;4;5;0;0;0
1;2;3;4;5;0;0;0
1;2;3;4;5;0;0;0
1;2;3;4;5;0;0;0
1;2;3;4;5;0;0;0
1;2;3;4;5;0;0;0
1;2;3;4;5;0;0;0
1;2;3;4;5;0;0;0
1;2;3;4;5;0;0;0
1;2;3;4;5;0;0;0
1;2;3;4;5;0;0;0
1;2;3;4;5;0;0;0
1;2;3;4;5;0;0;0
1;2;3;4;5;0;0;0
1;2;3;4;5;0;0;0
1;2;3;4;5;0;0;0
1;2;3;4;5;0;0;0
1;2;3;4;5;0;0;0
1;2;3;4;5;0;0;0
1;2;3;4;5;0;0;0
1;2;3;4;5;0;0;0
1;2;3;4;5;0;0;0
1;2;3;4;5;0;0;0
1;2;3;4;5;0;0;0
1;2;3;4;5;0;0;0
1;2;3;4;5;0;0;0
1;2;3;4;5;0;0;0
1;2;3;4;5;0;0;0
1;2;3;4;5;0;0;0
1;2;3;4;5;0;0;0
1;2;3;4;5;0;0;0
1;2;3;4;5;0;0;0
1;2;3;4;5;0;0;0
