timestamp;success;translation_x;translation_y;translation_z;rotation_x;rotation_y;rotation_z;rotation_w
09:10:40.197;True;0,723267944149659;-1,87882183645167;64,8505885560036;-0,1755634;0,2732525;0,9101014;0,2573445
09:10:40.267;True;0,664037393828507;-1,79908677318993;64,6900213831567;-0,17489;0,2745929;0,909551;0,25832
09:10:40.334;True;0,617248554615145;-1,76821946235086;64,5955868847957;-0,1749415;0,2749552;0,9095357;0,2579534
09:10:40.399;True;0,65268860121104;-1,89005889947264;64,7862613266726;0,06865066;0,2914359;0,8346778;-0,4622394
09:10:40.471;True;0,599578369506691;-1,82542186820641;64,6680826756579;-0,1728042;0,2768722;0,9099979;0,2557036
09:10:40.540;True;0,511151434853513;-1,76851294963331;64,5090160054999;-0,1735926;0,2774792;0,9098499;0,2550375
09:10:40.611;True;0,537892847844991;-1,88474396279226;64,7066595038859;-0,1736782;0,2795824;0,9097617;0,2529887
09:10:40.683;True;0,503571066416164;-1,85323048315514;64,5953606307952;-0,1731035;0,283596;0,9084949;0,253467
09:10:40.755;True;0,560873865523609;-1,93009133498879;64,6322200626283;0,07798372;0,3013519;0,8310928;-0,4608584
09:10:40.822;True;0,597329104342468;-1,94935005727574;64,4509836233448;0,08050863;0,3009606;0,8314642;-0,4600092
09:10:40.889;True;0,528421528961547;-1,82667262057063;63,8872978404568;-0,161787;0,2945233;0,905879;0,2578068
09:10:40.959;True;1,07474717640041;-4,60231044732433;63,7607763589941;0,1927612;-0,3273758;0,8899403;0,2523382
09:10:41.031;True;0,74539172483869;-3,47703740959671;63,6415128438134;0,09816471;0,3028867;0,8308348;-0,4564394
09:10:41.100;True;0,575953028693922;-2,86795236103074;63,4621614480582;0,09864774;0,3041357;0,8309093;-0,455368
09:10:41.169;True;0,420412696068512;-2,31076097975376;62,9118094791413;-0,1580627;0,3065297;0,9022007;0,2590169
09:10:41.231;True;0,418087434416208;-2,23942549502181;62,7500009563594;0,1023636;0,3059981;0,8303533;-0,454313
09:10:41.302;True;0,325592805589012;-1,91578093146272;62,2239542632012;-0,1575249;0,3085645;0,9013777;0,2597927
09:10:41.369;True;0,262257535734741;-1,7132390630755;61,8194758028511;-0,1585624;0,3107392;0,9000818;0,2610591
09:10:41.439;True;0,233449153316579;-1,56821744425809;61,4879200404387;-0,1589062;0,311594;0,8994601;0,2619725
09:10:41.510;True;0,267556474415744;-1,53843268147788;61,2673964377081;-0,1590822;0,3100789;0,8994779;0,2635972
09:10:41.579;True;0,269255536847832;-1,36312852813711;60,867992994159;-0,1593014;0,3088889;0,8993808;0,2651885
09:10:41.650;True;0,305235676591348;-1,16632340127537;60,3720486152877;-0,159124;0,3061526;0,8997473;0,2672172
09:10:41.721;True;0,354647821608629;-0,967675728928257;59,8824836635154;-0,1591768;0,3092843;0,898457;0,2679197
09:10:41.790;True;0,423508571074262;-0,762912193952145;59,4152446177779;-0,1811985;0,3013701;0,906702;0,2328834
09:10:41.852;True;0,470923587809532;-0,654906408682395;59,2023551883899;-0,1873274;0,2984082;0,9088619;0,2232291
09:10:41.913;False
09:10:41.982;True;0,549400701525976;-0,412961875410927;58,6923094929858;-0,1942561;0,2952214;0,9106377;0,2141213
09:10:42.050;True;0,585018762007117;-0,266605003772062;58,3643405246506;-0,1980812;0,2931706;0,9110527;0,2116546
09:10:42.112;False
09:10:42.186;True;0,579836313580522;-0,255761455069418;58,1356273858797;-0,2027885;0,2931531;0,9105527;0,2093605
09:10:42.252;True;0,556349036836459;-0,301160863033574;57,9776181039566;-0,2054714;0,2935558;0,9104148;0,206764
09:10:42.315;True;0,498847842643317;-0,386152636808592;57,8570390167392;-0,2069127;0,2958438;0,9099485;0,2041017
09:10:42.384;True;0,331552266925488;-0,497045227425247;57,4452517160967;-0,2115469;0,3045202;0,9063736;0,2024903
09:10:42.450;True;0,257584470279011;-0,818859643316553;57,5812215742785;-0,1752537;0,3224919;0,8975406;0,2443482
09:10:42.522;True;0,166444895825394;-0,941953820870305;57,4714925273446;-0,1790313;0,3259937;0,8957747;0,2434413
09:10:42.594;True;0,113647798372351;-1,00039516667527;57,1576667861683;-0,1827681;0,328451;0,8946129;0,2416267
09:10:42.664;True;0,963267638925249;-1,34720653490209;55,966209254169;-0,5795171;0,6344629;0,08327015;0,5046611
09:10:42.734;True;1,07991313192759;-1,40003435752112;55,2054936185015;-0,2012833;0,3460894;0,8825086;0,2467506
09:10:42.805;True;1,91989308753544;-1,68602598256292;53,7057271962428;-0,583553;0,637164;0,08057607;0,4969864
09:10:42.875;True;1,77559294868917;-1,80445117874404;53,9102552724215;-0,5851106;0,6371039;0,07916702;0,4954561
09:10:42.945;True;0,919587871347297;-1,78289190985186;55,3825088501808;-0,1852344;0,3414404;0,8915587;0,2328729
09:10:43.016;True;0,458866272627534;-1,78844682500752;56,2021613343512;-0,18488;0,3408132;0,8919275;0,2326607
09:10:43.085;True;0,196152125312019;-1,79890226779638;56,6469286002824;-0,1816197;0,3430693;0,8920351;0,2314976
09:10:43.156;True;0,786164700086669;-1,92855274765216;55,5226657059042;-0,5854769;0,6399209;0,08058411;0,4911458
09:10:43.231;True;0,34765529626456;-1,88801282520162;56,3316342544967;-0,1797208;0,3431984;0,8921248;0,2324406
09:10:43.300;True;0,130159243394468;-1,85290361031323;56,746634122313;-0,181213;0,3436633;0,8917362;0,2320859
09:10:43.366;True;0,0188721802081121;-1,83525493011215;56,9758189763086;-0,1819505;0,3434507;0,8916461;0,2321697
09:10:43.433;True;-0,0477576878559265;-1,83050016049711;57,0976869080879;-0,1946813;0,3340791;0,8959218;0,2186653
09:10:43.500;True;-0,0914673070034649;-1,84078949570053;57,1943517367135;-0,1956694;0,346705;0,8952601;0,2000462
09:10:43.569;True;0,435271662200374;-1,92987836657554;56,2413635351185;-0,1796128;0,3442178;0,8921272;0,2310031
09:10:43.642;True;0,163067301054017;-1,88965367210097;56,7210068691135;-0,1807389;0,344807;0,8916756;0,23099
09:10:43.722;True;1,34144713311407;-2,06887083495845;54,6209725367979;-0,5867857;0,6384429;0,0803928;0,4915386
09:10:43.793;True;1,97022434162601;-2,16158566770129;53,5342766111569;-0,5866729;0,6387349;0,08032638;0,4913048
09:10:43.865;True;0,98576686523325;-2,0086721601583;55,3433888742575;-0,1819873;0,3440549;0,8914981;0,2318143
09:10:43.932;True;0,465345987693522;-1,9294331240936;56,3053380142343;-0,1817512;0,3445312;0,8913377;0,2319094
09:10:43.999;True;0,194003474459341;-1,8886811457452;56,8096414612582;-0,1819429;0,3448484;0,8911932;0,2318429
09:10:44.066;True;0,807232025407837;-1,99208674404566;55,7208328070034;-0,5865663;0,6391699;0,07960277;0,4909841
09:10:44.132;True;0,358402240337552;-1,9285300193647;56,5070897938775;-0,1816555;0,3460222;0,8908269;0,231727
09:10:44.200;True;0,682396296457015;-1,97913013386131;55,9478278297854;-0,1815265;0,3447957;0,8913221;0,2317522
09:10:44.278;True;1,05772539972475;-2,0289826688778;55,2516518620523;-0,5869677;0,638999;0,079005;0,4908233
09:10:44.349;True;0,492624878756471;-1,93915207740516;56,2911967748125;-0,1821591;0,3451867;0,8910931;0,2315541
09:10:44.417;True;0,193894080681485;-1,88723614366381;56,8355060878002;-0,1830249;0,3451776;0,8909996;0,2312447
09:10:44.490;True;0,0479362225824492;-1,85874962156914;57,1229108352228;-0,1838258;0,3450772;0,8910671;0,2304975
09:10:44.561;True;-0,0354741635653733;-1,84948914495477;57,2727899385127;-0,1837984;0,3402607;0,8914261;0,2362211
09:10:44.632;True;0,446040171740476;-1,95811087264449;56,3654494337438;-0,1824329;0,3477361;0,8907237;0,2289306
09:10:44.703;True;0,115911870613063;-1,95757938193185;56,8663818479538;-0,1829097;0,3501963;0,8899354;0,2278631
09:10:44.774;True;0,68971852523053;-2,10908923287951;55,7613506218322;-0,5907126;0,6381391;0,07333737;0,4883224
09:10:44.845;True;0,782048214609481;-2,12540636659916;55,5501506564574;-0,1981478;0,3467568;0,885277;0,2382895
09:10:44.924;False
09:10:44.990;True;0,456036664499527;-2,2006833070219;55,9924488248334;0,09954027;0,3682295;0,8045329;-0,4552204
09:10:45.062;True;-0,233525667340871;-2,17347102523575;56,7078680093919;-0,1983608;0,3556434;0,8805879;0,2423543
09:10:45.132;True;-0,754194206292607;-2,19656446576459;57,0069237229932;-0,1977536;0,359745;0,8787388;0,2435061
09:10:45.200;True;-1,14124094896528;-2,23824123760953;57,1368385477803;-0,1985025;0,3621407;0,8774077;0,2441446
09:10:45.271;True;-1,44120421800529;-2,28701310786899;57,1616921463902;-0,1999048;0,3650379;0,8755553;0,2453333
09:10:45.343;True;-1,67062594199988;-2,33077606901363;57,1200630886755;-0,191684;0,3860018;0,8699701;0,239608
09:10:45.416;True;-1,83994841299118;-2,37293422106519;57,0636908046358;-0,2026928;0,3895403;0,8710132;0,2202499
09:10:45.488;True;-1,97897325796751;-2,4051826937221;56,9904012393287;-0,2084021;0,3911472;0,871103;0,2115469
09:10:45.558;True;-2,0907085980913;-2,42922200396938;56,9418241586834;-0,211321;0,3915992;0,8708563;0,2088127
09:10:45.627;True;-2,18798039141708;-2,45638176863692;56,9427023083789;-0,2124196;0,3913899;0,8706784;0,2088325
09:10:45.698;True;-2,28220132506221;-2,46491164688425;56,9254782541473;-0,2130234;0,3910247;0,8701922;0,2109177
09:10:45.768;True;-2,37424923288006;-2,45985468818702;56,9021720557197;-0,2120713;0,3908837;0,8701617;0,2122605
09:10:45.839;True;-2,45824011862433;-2,45575511014092;56,8841708273086;-0,212095;0,3900306;0,8693021;0,2172688
09:10:45.913;True;-2,55533890069607;-2,46802285818846;56,8783147469202;-0,2115066;0,390136;0,8683709;0,2213388
09:10:45.984;True;-2,62851011091685;-2,57589903631299;56,8409628080336;-0,2025548;0,3796435;0,8668589;0,2517897
09:10:46.053;True;-2,19758796841037;-2,80928017369959;55,8310035458221;-0,2055294;0,3826022;0,8651228;0,2508702
09:10:46.125;True;-1,80765717818635;-3,05078389039212;54,9875069025717;-0,5952969;0,6446524;0,02400145;0,4790292
09:10:46.193;True;-1,06595755935647;-3,38198184678679;53,5417517860538;-0,5955518;0,6448502;0,02330332;0,4784802
09:10:46.263;True;-0,731905313734928;-3,55043303765763;52,769585214097;-0,5961346;0,6451828;0,02356573;0,4772917
09:10:46.334;True;-1,15094940428245;-3,51304607974202;53,2693732759835;-0,5963469;0,6454888;0,02365198;0,476608
09:10:46.401;True;-0,882606185395194;-3,64056986115439;52,5695483219563;-0,5972715;0,6458998;0,02358412;0,4748937
09:10:46.470;True;-0,803626935960023;-3,73065743145145;52,1073450572392;-0,5979382;0,6459594;0,02238625;0,4740309
09:10:46.540;True;-0,823622939924575;-3,78311850837581;51,8343255848252;-0,5978147;0,6468202;0,02140443;0,4730572
09:10:46.612;True;-0,872066409403586;-3,79496965439945;51,7097321894238;-0,5978357;0,6470119;0,02098351;0,4727873
09:10:46.688;True;-0,943062290655043;-3,78290112689895;51,6218158798382;-0,5969504;0,6477625;0,02068883;0,472891
09:10:46.757;True;-1,00662164635648;-3,75468252272241;51,5690542817864;-0,5965649;0,6473143;0,01947271;0,4740416
09:10:46.832;True;-1,05599162133293;-3,73196552078611;51,5158955492368;-0,5960063;0,6467831;0,01843327;0,4755086
09:10:46.899;True;-1,11457008484536;-3,71441236075345;51,4492094503284;-0,5957738;0,6473132;0,01770711;0,475106
09:10:46.967;True;-1,1700416386545;-3,70040352026312;51,502411247513;-0,5953074;0,647477;0,01646781;0,4755118
09:10:47.035;True;-1,2350681942713;-3,68909914878268;51,5541431515251;-0,5951893;0,647378;0,01653243;0,4757922
09:10:47.107;True;-1,32265865811473;-3,69979591455256;51,5726313692248;-0,5945597;0,6483954;0,0157548;0,4752199
09:10:47.182;True;-1,40935863948184;-3,72241403752132;51,6256155674895;-0,5942379;0,6486485;0,01529658;0,4752921
09:10:47.260;True;-1,52668793931071;-3,75269320993064;51,6650210890668;-0,5943058;0,6491246;0,0143256;0,474587
09:10:47.334;True;-1,626312597502;-3,77768729118075;51,7099032984542;-0,5936332;0,6492106;0,01278683;0,4753544
09:10:47.405;True;-1,71983351959723;-3,79687485080974;51,7710046457769;-0,5932598;0,6494775;0,01267067;0,475459
09:10:47.473;True;-1,81369271511469;-3,81432282190854;51,8176318108293;-0,5934238;0,6496394;0,01231469;0,4750424
09:10:47.543;True;-1,91185215861997;-3,8243474081135;51,7878094993273;-0,593385;0,6499224;0,01182603;0,4747159
09:10:47.614;True;-2,02847012766993;-3,83348272935458;51,8289678378839;-0,5931085;0,6503485;0,0113566;0,4744894
09:10:47.695;True;-2,14196100835978;-3,83533727200367;51,8702377926526;-0,5927715;0,6507505;0,01119438;0,4743632
09:10:47.765;True;-2,84353965036709;-3,61627752088136;52,8826797087184;-0,5932903;0,6500325;0,01013121;0,4747229
09:10:47.833;True;-2,65202830838239;-3,71932255586636;52,4233964287631;-0,592558;0,6505543;0,009667951;0,4749323
09:10:47.904;True;-2,58500105297052;-3,77123444228082;52,1936649646205;-0,5928607;0,6503656;0,009552554;0,4748154
09:10:47.978;True;-2,58604125971326;-3,79804846204165;52,0896981600719;-0,5929255;0,6503178;0,009574152;0,4747993
09:10:48.059;True;-2,63245417832223;-3,81613373537038;52,0170105281419;-0,5977477;0,6422089;0,01088387;0,4797363
09:10:48.131;True;-2,68044645623397;-3,82720989758587;51,960403600773;-0,5934504;0,6506305;0,0106403;0,4736911
09:10:48.200;True;-2,74066099277406;-3,83660337074829;51,9224687495687;-0,5914109;0,6547083;0,01001269;0,4706272
09:10:48.267;True;-2,79625160129231;-3,83128407097789;51,8574630711563;-0,5905677;0,6560552;0,009478567;0,4698208
09:10:48.335;True;-2,85202052157759;-3,81649503955385;51,79771471896;-0,5902001;0,6564223;0,008919191;0,4697809
09:10:48.402;True;-2,88744180800163;-3,78040750561145;51,7461414503084;-0,5901934;0,6559803;0,008776933;0,4704089
09:10:48.474;True;-2,90042690070365;-3,73381998310014;51,7138927391726;-0,5904294;0,6551052;0,008763549;0,4713319
09:10:48.543;True;-2,88604361270596;-3,69041977643826;51,7035578652832;-0,590616;0,6539249;0,008796706;0,4727342
09:10:48.616;True;-2,85810012962259;-3,66484157188154;51,7018167307754;-0,590454;0,6530066;0,008484541;0,4742093
09:10:48.690;True;-2,82357311507308;-3,64316328171964;51,7129885342866;-0,5901213;0,6523851;0,007992745;0,4754857
09:10:48.759;True;-2,77451237642232;-3,62674398819299;51,7044161445904;-0,5900645;0,6515774;0,007453058;0,4766712
09:10:48.831;True;-2,70804021916573;-3,59987072014249;51,6509767708424;-0,5899509;0,65088;0,007167407;0,4777676
09:10:48.899;True;-2,59650687542422;-3,55975958958783;51,6739778475353;-0,5901417;0,6500054;0,007255544;0,4787204
09:10:48.969;True;-2,44137929516314;-3,48090066028459;51,6151245170304;-0,5901328;0,6490487;0,008260295;0,4800113
09:10:49.041;True;-2,25837045279692;-3,40615612905997;51,6392330225259;-0,5902926;0,6477175;0,009845477;0,4815806
09:10:49.107;True;-2,68649657159132;-3,17154990651846;52,5893444262095;-0,5888438;0,6492534;0,0109106;0,481263
09:10:49.180;True;-3,59913689074209;-2,86887680513161;54,3906365639436;-0,2110814;0,3893368;0,8572254;0,2627283
09:10:49.251;True;-3,17637178678239;-3,0332576405466;54,1051836689222;-0,5923992;0,6471756;0,006771327;0,479772
09:10:49.318;True;-3,58999834142658;-3,09303274282728;55,2393976730817;0,1249325;0,4084904;0,8010123;-0,4194125
09:10:49.387;True;-3,75573520277581;-3,15003671780277;55,8235341594387;0,1237405;0,410434;0,7998242;-0,4201349
09:10:49.458;True;-3,81088482894661;-3,03847985251662;56,058143748208;0,1173204;0,4057546;0,8014635;-0,4233857
09:10:49.531;True;-3,8418081612153;-2,88510235754925;56,2381273551282;0,116301;0,4017496;0,8035806;-0,4234732
09:10:49.599;True;-3,79166339297528;-2,76282474332753;56,3716945149792;0,1116797;0,4018587;0,8049951;-0,4219245
09:10:49.668;True;-2,8407802365128;-2,89438706146553;55,1699911887332;-0,5929979;0,6363195;0,005763877;0,4933738
09:10:49.735;True;-3,06233687734426;-2,85357769012209;55,8424340950036;0,1101001;0,4076656;0,8030086;-0,4205519
09:10:49.804;True;-3,1204899219001;-2,89579751405675;56,1520045071175;0,115122;0,4010861;0,8080078;-0,415933
09:10:49.875;True;-3,19612637143196;-2,88938762546085;56,1841605729484;0,1159117;0,4114169;0,8001377;-0,4208092
09:10:49.953;True;-3,14916013291876;-3,02675245112016;56,3451059712657;0,1165045;0,4129069;0,8004125;-0,418658
09:10:50.028;True;-3,02317062262228;-3,1881796535598;56,4918257190169;0,1148032;0,415576;0,8010882;-0,4151802
09:10:50.097;True;-2,88573574614636;-3,35613696589797;56,6286077932369;0,1150378;0,4164387;0,8009847;-0,4144498
09:10:50.167;True;-1,33434318524761;-3,90559258860729;54,6988748535179;-0,5982637;0,6398064;-0,01282051;0,4822489
09:10:50.236;True;-0,461046484346905;-4,23886810529355;53,693875974631;-0,5980709;0,6400505;-0,01416856;0,4821264
09:10:50.305;True;0,0557435915668938;-4,42423226133374;53,0939508643099;-0,5979673;0,6390914;-0,01636476;0,4834558
09:10:50.377;True;-1,16261536989577;-3,96896698005388;54,9356427858006;-0,2335823;0,3980531;0,84604;0,266851
09:10:50.448;True;-1,00146075623049;-4,05613782880912;54,8692717010951;0,1197996;0,4189368;0,7993196;-0,4137973
09:10:50.519;True;-1,4523721717335;-3,92449560668427;55,6092326556293;0,1191031;0,4194952;0,799149;-0,4137622
09:10:50.590;True;-1,64806123432206;-3,83964787419598;56,005683755942;0,1186038;0,4197325;0,7986374;-0,4146517
09:10:50.661;True;-1,71968461995728;-3,75458702990842;56,1942332445284;0,117993;0,4188165;0,7992513;-0,4145694
09:10:50.733;True;-1,72303659328445;-3,67134213904143;56,2851741877593;0,1015401;0,4362974;0,7818552;-0,4336318
09:10:50.800;True;-1,6748521603507;-3,58898978710106;56,3296383781191;0,118836;0,4524486;0,7815369;-0,4127569
09:10:50.867;True;-1,59649828565019;-3,50271181420696;56,3384446556497;0,1265981;0,4574138;0,7826894;-0,4026698
09:10:50.936;True;-1,49486996915231;-3,41586810056382;56,3313745052064;0,1289991;0,457184;0,7850547;-0,3975314
09:10:51.008;True;-0,561900619867976;-3,55677092576533;55,2016513363308;-0,5928445;0,6382126;-0,01254388;0,4909814
09:10:51.079;True;0,56837115634486;-3,77652093583968;53,7750590269645;-0,5923745;0,6389257;-0,01242269;0,4906242
09:10:51.149;True;1,21487890661472;-3,8749869034027;52,9989604073234;-0,5914559;0,6393021;-0,0114306;0,4912657
09:10:51.217;True;1,60807056624367;-3,89324794642688;52,5518582724482;-0,5911005;0,6391994;-0,01005482;0,4918569
09:10:51.291;True;1,85915159553372;-3,87057727185537;52,3234916911644;-0,6059812;0,6410672;0,03100358;0,4699558
09:10:51.357;True;2,09101127668745;-3,81388645723586;52,1864268747723;-0,6262851;0,6305191;0,07571129;0,4521953
09:10:51.429;True;1,46910520009237;-3,55137317970537;53,2172676133895;0,1121098;0,4086097;0,8046634;-0,4159164
09:10:51.497;True;0,629021790731225;-3,25436278933122;54,5840338099316;0,1091627;0,4094712;0,8040373;-0,4170622
09:10:51.565;True;0,248847378435815;-3,0936462960337;55,3262082060212;0,1079615;0,4104666;0,8033478;-0,4177245
09:10:51.635;True;0,105024547393892;-3,01024131391722;55,7117116139609;0,1075006;0,4109012;0,8031496;-0,4177973
09:10:51.704;True;0,0808347922370208;-2,97611307173749;55,9560139052757;0,1119232;0,4008333;0,8108236;-0,4115472
09:10:51.772;True;0,11527838029809;-2,97407211662325;56,1027671566426;0,1145069;0,4367689;0,7925127;-0,4099329
09:10:51.843;True;0,181743192191386;-2,98275355599601;56,1795761100774;0,1155111;0,4535699;0,7826655;-0,4103246
09:10:51.916;True;0,266037769798082;-2,99179078309532;56,2345318103884;0,1155186;0,4604781;0,7779764;-0,4115436
09:10:51.995;True;0,405999756203186;-2,97355432903193;56,2340374638129;0,1146553;0,4620548;0,7762249;-0,4133213
09:10:52.065;True;0,547170736312441;-2,94833710817967;56,2235164904838;0,1136652;0,4609753;0,7761289;-0,414977
09:10:52.132;True;0,685204514173527;-2,93693822608986;56,2306161101896;0,1122916;0,4589853;0,7768415;-0,4162217
09:10:52.199;True;0,814248249663894;-2,93403807598672;56,2079386017214;0,1121094;0,4568359;0,7775819;-0,4172516
09:10:52.267;True;2,35536965219056;-3,24691353657348;53,6844039529283;-0,5999804;0,62916;-0,001167063;0,4941455
09:10:52.334;True;3,2444079316186;-3,37444046388197;52,330844850378;-0,6002793;0,6282808;0,0006519902;0,4949016
09:10:52.405;True;3,80459766892719;-3,39885777167044;51,6199022664365;-0,6006399;0,6274654;0,002471735;0,4954925
09:10:52.478;True;4,21309954502906;-3,35974509104543;51,2426895342399;-0,609533;0,6245289;0,02149056;0,4878231
09:10:52.551;True;4,57556549622359;-3,29648326167041;51,0611187618711;0,6385407;-0,609814;-0,0854195;-0,4616234
09:10:52.621;True;3,99323701239414;-2,93740448612045;52,0532267096713;-0,2487544;0,3844938;0,8497537;0,2611598
09:10:52.689;True;4,84366314095914;-3,19068947187401;51,5401952666486;-0,604448;0,6220891;0,002523229;0,4976358
09:10:52.763;True;3,88067471817985;-2,9449374850064;53,3680230099026;-0,2497794;0,3902034;0,8470785;0,2604026
09:10:52.830;True;4,31694286095119;-3,09077349955978;53,0479315829972;-0,6061572;0,6235762;0,0005440948;0,4936861
09:10:52.900;True;4,46523216035423;-3,22898142402466;53,3622989902549;0,1026197;0,4198687;0,7935349;-0,4283479
09:10:52.970;True;3,9594524894808;-3,04595796841685;54,3751440302438;0,1009913;0,4188749;0,7941334;-0,4285986
09:10:53.037;True;3,83281688814983;-2,99599918644745;55,0116254803946;0,09815586;0,4184024;0,7944503;-0,4291314
09:10:53.107;True;3,84538930333783;-2,91591068641714;55,3546017653697;0,09386675;0,4155549;0,7960901;-0,4298183
09:10:53.175;True;3,92274546639304;-2,83574677966428;55,5753506494818;0,08981181;0,4159925;0,7965286;-0,429449
09:10:53.246;True;4,01779011808597;-2,78704790966838;55,7224996509158;0,08781604;0,4159466;0,7969511;-0,429122
09:10:53.316;True;4,12398744459337;-2,76947006582117;55,8046869078887;0,08638287;0,4164675;0,7967677;-0,4292482
09:10:53.385;True;4,23379018222154;-2,77183071237926;55,8431964011942;0,08734809;0,4163956;0,796077;-0,4304028
09:10:53.455;True;4,36015544168311;-2,79870810540231;55,8844233289119;0,08724473;0,4177451;0,79514;-0,4308479
09:10:53.528;True;4,49481953011118;-2,84272235868306;55,8794712852751;0,08789052;0,4176053;0,7945042;-0,4320234
09:10:53.599;True;4,63173305043314;-2,88027789656131;55,8666127993432;0,08725096;0,419264;0,7934702;-0,4324466
09:10:53.668;True;4,76520327200019;-2,90181101506826;55,8357490116504;0,087966;0,4195097;0,7922693;-0,4342614
09:10:53.739;True;4,8859806889891;-2,8887383111846;55,8291962706788;0,08618055;0,4193234;0,7924443;-0,43448
09:10:53.808;True;5,00870745776803;-2,84571035929087;55,8069133512963;0,08342174;0,4175675;0,7926355;-0,4363567
09:10:53.878;True;5,13185664477541;-2,80610011692693;55,8302574556659;0,08208746;0,417621;0,7924412;-0,4369112
09:10:53.952;True;5,24761612469568;-2,79683593857333;55,8298730607328;0,08182772;0,4174495;0,7921364;-0,4376758
09:10:54.025;True;5,35205334749298;-2,8007812084669;55,8056455004445;0,08244835;0,4177471;0,7913844;-0,4386348
09:10:54.097;True;5,45917778463559;-2,82208964143037;55,7508444234306;0,08527327;0,4178437;0,7902371;-0,4400686
09:10:54.167;True;5,56049866049815;-2,83534963643755;55,6905657170911;0,08588204;0,4182608;0,7893623;-0,4411227
09:10:54.233;True;5,67366013360281;-2,8324546489449;55,6388355646889;0,09594952;0,43711;0,7848312;-0,4286824
09:10:54.299;True;5,80302892663072;-2,80549878273517;55,5569448580258;0,09622952;0,4340422;0,7847899;-0,4318009
09:10:54.367;True;5,95352414976761;-2,77485302821142;55,4605395480865;0,09708817;0,4306754;0,784863;-0,4348364
09:10:54.438;True;6,12882435730907;-2,77521483428481;55,3956472156094;0,09787102;0,4281852;0,7846484;-0,4374993
09:10:54.507;True;6,29377236059042;-2,80144466524967;55,3482246597141;0,09823467;0,4269071;0,7841629;-0,4395325
09:10:54.580;True;6,4243780535928;-2,84086973208641;55,2894800365441;0,09866182;0,4261022;0,7836108;-0,4411995
09:10:54.653;True;6,53156943248107;-2,88148757586371;55,2696681357629;0,09908271;0,4253731;0,7833878;-0,4422035
09:10:54.732;True;6,68472295228627;-2,9216722885816;55,2893211522195;0,09861781;0,4248472;0,7833973;-0,4427958
09:10:54.801;True;6,80847414076424;-2,94652502802524;55,3262196399658;0,09786855;0,4247677;0,7830157;-0,4437121
09:10:54.870;True;6,87349529850497;-2,99563908313651;55,3691683482968;0,09837081;0,4245097;0,783081;-0,4437328
09:10:54.941;True;6,89798898853641;-3,06396152614775;55,4103554797902;0,1001058;0,4249078;0,7834129;-0,4423759
09:10:55.017;True;6,90337315326273;-3,14014373143291;55,4081957056772;0,1026749;0,4255377;0,7840049;-0,4401273
09:10:55.088;True;6,86538812802823;-3,23524021082393;55,4289237873501;0,1083977;0,4265892;0,7853592;-0,4352959
09:10:55.165;True;6,75669181486398;-3,34841509016376;55,4727026189011;0,1186408;0,427513;0,787814;-0,4272074
09:10:55.236;True;6,59841272261359;-3,46900610965626;55,5018846271474;0,1321513;0,4272797;0,7908681;-0,417727
09:10:55.308;True;7,65317865540687;-4,20598001709242;53,1364571891228;-0,5853245;0,6722726;-0,02247351;0,4527028
09:10:55.380;True;8,01822842193931;-4,80654764971953;51,9577859389899;-0,5719789;0,6921321;-0,03566118;0,4387729
09:10:55.448;True;8,03900936613323;-5,29323266980344;51,4395395897181;-0,5547172;0,7125911;-0,05227486;0,4263453
09:10:55.516;True;7,91713536060135;-5,65912694430443;51,2185084914291;-0,536683;0,729526;-0,06532522;0,4189222
09:10:55.584;True;7,69114719548877;-5,9185160702152;51,073567024974;-0,5150911;0,7481187;-0,07705096;0,4111724
09:10:55.659;True;7,4581211261211;-6,08659768707471;51,0154167464467;-0,499002;0,7611611;-0,08631903;0,405191
09:10:55.729;True;7,24708521640315;-6,21188835996815;51,0236844560863;-0,4836862;0,7735251;-0,0951753;0,3983066
09:10:55.797;True;7,09583791870843;-6,29837656593738;51,0360333013292;-0,4771379;0,7783723;-0,09940658;0,3957201
09:10:55.865;True;6,97931873330996;-6,40143800927917;51,0906828779147;-0,4735884;0,7823681;-0,1041292;0,3908598
09:10:55.935;True;6,87187565579856;-6,52021713133145;51,1541790506082;-0,4695365;0,7870492;-0,1085605;0,3851022
09:10:56.004;True;6,77681343579008;-6,641060808743;51,136102795376;-0,4668657;0,7890956;-0,1135255;0,3827225
09:10:56.076;True;6,67402470754731;-6,7725186687031;51,1729397413694;-0,4627888;0,7932196;-0,1174677;0,3779294
09:10:56.147;True;6,46829470478237;-6,89532390080555;51,176956087293;-0,4549623;0,8006685;-0,1219587;0,3702233
09:10:56.216;True;6,1109281275179;-6,98359415138866;51,1837296805497;-0,4428362;0,8106132;-0,1250968;0,362151
09:10:56.288;True;5,39458967091789;-7,02405453697967;51,3020103730999;-0,4187376;0,8344947;-0,1302374;0,33364
09:10:56.366;True;4,46348849627381;-6,97607516277436;51,4256503653127;-0,4016792;0,8495834;-0,1332636;0,3148059
09:10:56.433;True;3,65147867038345;-6,8651145616932;51,3969601322285;-0,3828588;0,8611759;-0,1390452;0,304075
09:10:56.501;True;2,94992597672049;-6,70626311284239;51,4655979100452;-0,3617423;0,8749691;-0,1435885;0,2880172
09:10:56.571;True;2,29643942126527;-6,58285536912698;51,5686305871818;-0,3430824;0,8865427;-0,149123;0,272211
09:10:56.644;True;1,66730392923812;-6,40361688324474;51,6344376417484;-0,3278708;0,8955449;-0,1465601;0,2627172
09:10:56.716;True;1,0468733112434;-6,10258186319763;51,6244199325405;-0,3193507;0,9018872;-0,138006;0,2560643
09:10:56.785;True;0,474058502382995;-5,65095383321518;51,618252646812;-0,3074401;0,9096369;-0,1229452;0,2508503
09:10:56.858;True;-0,0488918860298976;-5,06477539904582;51,6027544044716;-0,3015965;0,9181238;-0,08827624;0,2414447
09:10:56.928;True;-0,434111452605616;-4,40915356068177;51,5305708191051;-0,287687;0,9235477;-0,082934;0,2396197
09:10:56.998;True;-0,678642961116979;-3,76384240913506;51,3288620552554;-0,2747844;0,9264925;-0,07787243;0,2450331
09:10:57.066;True;-0,855687046823147;-3,23809996802221;51,2005480590613;-0,2641427;0,9285734;-0,0739722;0,2500163
09:10:57.137;True;-0,891678015951537;-2,86207977185155;51,1176815408071;-0,2592517;0,9286419;-0,07169697;0,2554847
09:10:57.208;True;-0,751759214677426;-2,60555531042316;51,0967084261011;-0,2591393;0,9282432;-0,07210208;0,2569293
09:10:57.277;True;-0,476797274878627;-2,53129057303213;51,0543386961053;-0,2720127;0,9212306;-0,06969917;0,2692311
09:10:57.345;True;-0,0818019175043949;-2,57149202917088;51,027665843658;-0,2846184;0,914158;-0,07355408;0,2791007
09:10:57.418;True;0,508049897472301;-2,74260126701098;51,1047685955005;-0,3000939;0,9038603;-0,08197606;0,2937009
09:10:57.486;True;1,23149050997535;-2,88711330813527;51,0249761697832;-0,3171661;0,8903359;-0,08757538;0,3147036
09:10:57.555;True;1,91057773330114;-2,97040816832879;51,0104879723263;-0,333106;0,8768321;-0,08925482;0,3350216
09:10:57.626;True;2,41657158106423;-2,99185272001488;51,0207230303554;-0,3443724;0,8663759;-0,08989329;0,3503138
09:10:57.698;True;2,75372920667936;-3,05388026719922;51,21103612851;-0,3547876;0,8586205;-0,09177484;0,3584325
09:10:57.767;True;2,89212755740946;-3,14760557318058;51,3414701696134;-0,3630038;0,8535575;-0,09494905;0,3614588
09:10:57.834;True;2,85296199468681;-3,17709298952357;51,3864001205877;-0,3673205;0,8517308;-0,09560744;0,3612335
09:10:57.903;True;2,76717658455316;-3,15493492853901;51,4029935669226;-0,3689695;0,8517468;-0,09545948;0,3595502
09:10:57.973;True;2,72726694447493;-3,10146122876913;51,4620283657807;-0,3704748;0,852186;-0,09402435;0,3573331
09:10:58.042;True;2,76815809319932;-3,09811695635763;51,5041317384534;-0,3746301;0,8504765;-0,09370511;0,3571574
09:10:58.110;True;2,87472213337169;-3,13212008257311;51,5735791022622;-0,3815248;0,8467538;-0,0938623;0,3586595
09:10:58.181;True;3,1322988852751;-3,23577841533962;51,7315217496915;-0,3937253;0,8395683;-0,0948941;0,3620783
09:10:58.251;True;3,68498190320542;-3,45946196992007;51,8449169651581;-0,4202558;0,8216879;-0,09590624;0,3728485
09:10:58.333;True;4,15241275986202;-3,67433591765849;51,7751986806723;-0,4495597;0,8008958;-0,09095891;0,3849526
09:10:58.400;True;4,31897611268972;-3,82466962317382;51,6806216150857;-0,4695061;0,786687;-0,08258219;0,3922598
09:10:58.469;True;4,25564310050941;-3,93943676982401;51,649363639973;-0,4791936;0,7808489;-0,07662201;0,3934178
09:10:58.539;True;4,11935345605549;-3,99559190881721;51,647984612253;-0,4822784;0,7800431;-0,07269252;0,39199
09:10:58.609;True;3,98500508924475;-3,99473034166835;51,5971509773095;-0,4819327;0,7809664;-0,06993974;0,3910766
09:10:58.683;True;3,83282552911084;-3,95694383304532;51,5600592887158;-0,4796997;0,7834176;-0,06659194;0,3895006
09:10:58.759;True;3,61614149643169;-3,89580288378792;51,4570284183001;-0,4756981;0,7874333;-0,06233251;0,3870077
09:10:58.830;True;3,34976589620141;-3,6680471365874;51,1936371616483;-0,4663213;0,7934356;-0,0542977;0,3873709
09:10:58.899;True;3,1740801289682;-3,27737780939958;50,8934198922599;-0,4540556;0,7980571;-0,04127047;0,393999
09:10:58.966;True;3,11242562900848;-2,98181260951088;50,7613012785256;-0,4474005;0,7988785;-0,03121192;0,4008139
09:10:59.034;True;3,07105435892514;-2,807009776175;50,6627926945131;-0,4464875;0,7973719;-0,02467906;0,4052629
09:10:59.101;True;3,00295098194817;-2,74028804764665;50,6473794291467;-0,450923;0,7943658;-0,01919267;0,4065502
09:10:59.169;True;2,93018654643275;-2,84657654339733;50,6919360137451;-0,4626211;0,7885531;-0,01687671;0,4048221
09:10:59.237;True;2,81093128167223;-3,03271088545234;50,6507419181666;-0,4757985;0,7807913;-0,01513059;0,4046628
09:10:59.308;True;2,62131018674728;-3,36810758298243;50,6334818148191;-0,4919071;0,7723021;-0,01617075;0,4016409
09:10:59.382;True;2,3313404741177;-3,67520512885345;50,3251631280887;-0,5054489;0,764878;-0,01721892;0,398982
09:10:59.450;True;2,06993787926479;-3,8870644969654;50,1783330128539;-0,5161961;0,7592819;-0,01617981;0,395943
09:10:59.519;True;1,92661310117419;-3,95146598123651;49,9309935819829;-0,5254396;0,7526552;-0,01278765;0,3965601
09:10:59.587;True;1,92523834072807;-3,89948345180056;49,8707392217047;-0,5338981;0,7448528;-0,007332189;0,4001167
09:10:59.659;True;1,97111275707099;-3,78028037348676;49,9234294726094;-0,5408911;0,7376853;-0,0009182567;0,4040501
09:10:59.731;True;1,98313941003129;-3,70678182336899;50,0773809161337;-0,5432057;0,735402;0,002843807;0,4050969
09:10:59.800;True;2,00794648673688;-3,7367980286022;50,1380161567626;-0,5412932;0,7379978;4,68338E-05;0,4029403
09:10:59.867;True;2,12201285249537;-3,77868771990987;50,1964324727294;-0,5392449;0,7397534;-0,004128485;0,4024461
09:10:59.937;True;2,22565903837165;-3,80149048986934;50,1772638090878;-0,5378044;0,7400725;-0,007203543;0,4037416
09:11:00.015;True;2,26958526074797;-3,86948460162153;50,1839258706454;-0,5360672;0,7413436;-0,009852941;0,4036638
09:11:00.084;True;2,36086342700869;-4,03937212457993;50,2957964569562;-0,5331974;0,7441066;-0,01659257;0,4021575
09:11:00.153;True;2,49371096889397;-4,29287587466688;50,3094406045799;-0,5265982;0,7489487;-0,02914034;0,4011497
09:11:00.222;True;2,71862407450674;-4,59487499236509;50,4138656019548;-0,5135131;0,7578778;-0,04987089;0,3992975
09:11:00.302;True;3,03367102891635;-4,79530428306135;50,3639263961816;-0,4991554;0,7650415;-0,0700838;0,4008037
09:11:00.370;True;3,25170899748633;-4,88063993477902;50,3133508447897;-0,4896476;0,7686838;-0,08175185;0,4033448
09:11:00.442;True;3,28293149673785;-4,90068288125103;50,1563357727536;-0,4843439;0,7712988;-0,08660904;0,4037428
09:11:00.513;True;3,25848880817484;-4,88937350040069;50,2184847093216;-0,4816575;0,7733325;-0,08843246;0,4026693
09:11:00.589;True;3,23642735039158;-4,82769333734126;50,1387438179968;-0,4806266;0,7737482;-0,0873367;0,4033411
09:11:00.671;True;3,19881821394443;-4,74831140913586;50,2444444764798;-0,479857;0,7743104;-0,08479711;0,4037205
09:11:00.743;True;3,13166228686176;-4,67856056602626;50,3002450874648;-0,4788949;0,7753545;-0,08222719;0,4033903
09:11:00.817;True;3,07084503464884;-4,61735748728035;50,3233178691383;-0,4783116;0,7763073;-0,08038265;0,402621
09:11:00.885;True;3,05442733961363;-4,53335240812203;50,2952057743457;-0,4779194;0,7764242;-0,07838801;0,4032541
09:11:00.952;True;2,71658986908147;-3,90599752415327;51,0304950649262;-0,4809222;0,775044;-0,06665978;0,4044466
09:11:01.021;True;2,8505434927717;-3,98319051786614;50,4672969299525;-0,478902;0,7752161;-0,06231821;0,4071969
09:11:01.094;True;2,91285225250076;-3,88805123367674;50,0652230340629;-0,4769425;0,7759422;-0,05822585;0,4087167
09:11:01.163;True;2,9787142315533;-3,68577257542953;49,7272690909004;-0,4762532;0,7750671;-0,05355467;0,411808
09:11:01.231;True;3,09003002565371;-3,39213665586436;49,3769037807037;-0,4765244;0,7714546;-0,04803271;0,4188976
09:11:01.300;True;3,13193289859276;-3,20184141261015;49,2444265455026;-0,4790211;0,7674223;-0,05479455;0,4226103
09:11:01.371;True;3,1006192340472;-3,11876967430638;49,1563295138267;-0,4751012;0,7726608;-0,04963459;0,4181037
09:11:01.442;True;3,07941623008828;-3,10633555154537;49,1448698847607;-0,4734944;0,7752638;-0,04663306;0,415445
09:11:01.513;True;3,04368867027959;-3,19704893648556;49,3247836505869;-0,4737525;0,7765223;-0,04527518;0,412943
09:11:01.582;True;2,98683542948315;-3,40630815487425;49,6464365234983;-0,4755316;0,7771772;-0,04652453;0,409513
09:11:01.652;True;2,97901214427179;-3,68900522876304;50,0235277258537;-0,4786294;0,7768167;-0,04966577;0,4062057
09:11:01.721;True;3,03038404546638;-4,04194307878856;50,3506992759048;-0,4844421;0,7744797;-0,05404367;0,4032076
09:11:01.786;True;3,07009924425679;-4,57752742232448;50,4466803331841;-0,4943953;0,7700099;-0,06112004;0,3986507
09:11:01.873;True;3,01715921665596;-5,07369419037568;50,4276674828171;-0,5033162;0,7666509;-0,06724801;0,3929338
09:11:01.949;True;2,86598601161151;-5,52417207780492;50,4025698332484;-0,5111218;0,7647673;-0,07168283;0,3856774
09:11:02.020;True;2,66293729741105;-5,90871409772492;50,3718728858291;-0,5182958;0,7635695;-0,07474335;0,3778153
09:11:02.090;True;2,40293329093384;-6,22774528359726;50,3276209458751;-0,5253699;0,7626634;-0,07568602;0,3695981
09:11:02.159;True;2,0536681684526;-6,44059951106898;50,2546206579713;-0,5313771;0,7625805;-0,07320922;0,3615934
09:11:02.234;True;1,58060208882525;-6,52760595257342;50,1849952772775;-0,5335919;0,7655454;-0,06878079;0,3528301
09:11:02.303;True;1,01116216195053;-6,44237105692431;50,0732765454351;-0,5297157;0,7729922;-0,06383318;0,343234
09:11:02.375;True;0,54302575275748;-6,15479526616981;49,9979764862533;-0,5214826;0,782008;-0,05763621;0,3364485
09:11:02.443;True;0,281583533619158;-5,75412763219685;49,9719031857359;-0,5129308;0,7887651;-0,0507564;0,334926
09:11:02.517;True;0,0874356394125433;-5,36389540329112;49,9832753050178;-0,5060099;0,7932988;-0,0429198;0,3358406
09:11:02.583;True;-0,16205671876627;-5,03573870585557;50,0469948228306;-0,4991774;0,7986546;-0,03571528;0,3342115
09:11:02.653;True;-0,406120797508494;-4,77701894051989;50,0950536791945;-0,492519;0,8039296;-0,03025439;0,3319742
09:11:02.723;True;-0,510043924597202;-4,59882320356097;50,2066442287042;-0,4876154;0,8071149;-0,0271514;0,3317523
09:11:02.796;True;-0,501887930611081;-4,48958845300932;50,2652862733938;-0,484522;0,8083249;-0,02564445;0,3334543
09:11:02.862;True;-0,427190940893727;-4,4666110126073;50,2550971012746;-0,4835967;0,8079163;-0,02594002;0,3357567
09:11:02.932;True;-0,371643779395763;-4,50586770246967;50,2367078348663;-0,483938;0,8072019;-0,02728648;0,3368745
09:11:03.003;True;-0,312749191000526;-4,55991257382832;50,2363918500878;-0,4843651;0,8065905;-0,02902277;0,3375795
09:11:03.072;True;-0,237534605038212;-4,61300759630598;50,2299830031423;-0,485148;0,8057007;-0,03102603;0,3384011
09:11:03.144;True;-0,162964427398458;-4,64520916408315;50,2036454299656;-0,4860688;0,8044794;-0,03237345;0,339856
09:11:03.215;True;-0,114107721135391;-4,65834979588999;50,1819490332703;-0,486605;0,8036318;-0,03334349;0,3409982
09:11:03.283;True;-0,0695338078322727;-4,65791902656901;50,2078861144104;-0,4867733;0,8030425;-0,03397105;0,3420827
09:11:03.353;True;-0,02640394183758;-4,64989343992934;50,1866602562122;-0,4870917;0,8024537;-0,03451247;0,3429557
09:11:03.424;True;0,0162235596024933;-4,65189738788636;50,2108620255765;-0,487389;0,8018956;-0,03488055;0,3438003
09:11:03.494;True;0,0414879200994075;-4,65866793403613;50,1778547524725;-0,4874778;0,8014987;-0,03513472;0,3445734
09:11:03.563;True;0,0616122751751425;-4,66661431212044;50,1571887429291;-0,4874926;0,8012716;-0,03542749;0,3450505
09:11:03.632;True;0,0850630731019661;-4,66711274895632;50,134976295801;-0,4874854;0,8009818;-0,03616393;0,3456565
09:11:03.702;True;0,110692028817346;-4,65724654117116;50,1151721427533;-0,4874031;0,8007231;-0,03651541;0,3463341
09:11:03.773;True;0,137980504177141;-4,64729525570751;50,1151107114197;-0,4873694;0,800441;-0,03690827;0,3469914
09:11:03.843;True;0,161867472079137;-4,64999345142157;50,1220818380338;-0,4874582;0,8001701;-0,03719602;0,3474605
09:11:03.917;True;0,176476375184568;-4,66942383257379;50,1251795528966;-0,4876032;0,7999948;-0,0377741;0,3475982
09:11:03.987;True;0,180963432065487;-4,69974745870975;50,132524210528;-0,4875998;0,800072;-0,03837938;0,3473591
09:11:04.057;True;0,202834365243904;-4,7388116113097;50,1889891717644;-0,4876516;0,8002813;-0,03935331;0,3466946
09:11:04.127;True;0,244384671746982;-4,77156828602599;50,159644308249;-0,4879384;0,8000659;-0,04139218;0,3465508
09:11:04.202;True;0,269854594632783;-4,80615981958281;50,1343546593194;-0,4883238;0,8000128;-0,04298255;0,3459364
09:11:04.271;True;0,294789616179611;-4,81206652016535;49,9854092823783;-0,4885434;0,7997108;-0,04462819;0,3461161
09:11:04.337;True;0,315970799538555;-4,77783468545408;49,8333872767606;-0,4885585;0,7993224;-0,04514932;0,3469233
09:11:04.407;True;0,315338446529522;-4,69786399423616;49,7116930230728;-0,4882525;0,799142;-0,04517405;0,3477655
09:11:04.480;True;0,307661474943343;-4,59178784489386;49,6222549553379;-0,4877697;0,7990651;-0,0445043;0,3487048
09:11:04.550;True;0,297892676856088;-4,50318435710021;49,5618515570296;-0,4873942;0,7993425;-0,04325512;0,3487515
09:11:04.620;True;0,290001003712067;-4,45715268846818;49,5035146214283;-0,4873811;0,7996199;-0,04213855;0,3482702
09:11:04.689;True;0,274422908329581;-4,45504716651905;49,4437576788951;-0,4875867;0,7996233;-0,04154482;0,3480458
09:11:04.759;True;0,235096213471101;-4,48837752808964;49,4731156224237;-0,4879146;0,7999806;-0,04154542;0,3467627
09:11:04.826;True;0,193073596510737;-4,52989196209792;49,4740696215789;-0,4883851;0,8002293;-0,04201446;0,3454676
09:11:04.897;True;0,15182046058918;-4,59663729531286;49,4864506688878;-0,4895135;0,800092;-0,04283625;0,3440848
09:11:04.970;True;0,113957964048747;-4,65334715771606;49,4909028275671;-0,4904481;0,8001047;-0,04380123;0,3425998
09:11:05.039;True;0,0928946375547244;-4,69944835013976;49,4946633021464;-0,4913229;0,7999462;-0,0447645;0,3415904
09:11:05.109;True;0,0965195957399548;-4,74716645126602;49,5133081430746;-0,492054;0,7999284;-0,04643635;0,3403544
09:11:05.182;True;0,145817504514001;-4,83058614880259;49,5731489859369;-0,4922868;0,8002782;-0,04966418;0,3387359
09:11:05.251;True;0,248337639033284;-5,01576069270802;49,6780000961392;-0,4891978;0,802292;-0,05858434;0,3370178
09:11:05.319;True;0,25003829648152;-5,38953241169496;49,8941605016049;-0,476697;0,8105531;-0,07676935;0,3314668
09:11:05.387;True;0,127274020569976;-5,87659644215938;50,012108446201;-0,4502229;0,825897;-0,1094001;0,3212866
09:11:05.457;True;0,162815154110096;-6,31371634372733;50,1387837500588;-0,4130167;0,8403868;-0,1499581;0,3173009
09:11:05.526;True;0,328588022464885;-6,73051429014489;50,2716441890506;-0,3781028;0,8492769;-0,1876948;0,3170768
09:11:05.595;True;0,288099302024865;-7,23793906041054;50,5349895606647;-0,3404045;0,8599529;-0,2222964;0,308529
09:11:05.667;True;0,151268874815207;-7,77411631454449;50,7586995119563;-0,308759;0,8676268;-0,2522422;0,2970951
09:11:05.735;True;0,0925535383958979;-8,16631047104827;50,8347278924793;-0,2880631;0,8705778;-0,2733995;0,2904596
09:11:05.805;True;0,156978487376524;-8,29641944120063;50,78239924115;-0,2799023;0,8697593;-0,2830795;0,2916154
09:11:05.875;True;0,272226917140878;-8,01010450346826;50,5256616808244;-0,286341;0,8668331;-0,2752777;0,3013825
09:11:05.945;True;0,342878046182017;-7,44455313256151;50,3518385557488;-0,2977065;0,8655742;-0,2535974;0,3127947
09:11:06.017;True;0,365111154567109;-6,95217806586285;50,2665202350556;-0,3138375;0,8632115;-0,2305374;0,3212858
09:11:06.087;True;0,401853490163564;-6,43814243253215;50,1077596785204;-0,33955;0,8564266;-0,201252;0,3327716
09:11:06.158;True;0,286658768851108;-5,83173082265635;49,9346708604713;-0,3738165;0,8460136;-0,1623192;0,3437654
09:11:06.227;True;0,0319411755487704;-5,20851909964404;49,9641390814368;-0,4097895;0,8335054;-0,1191619;0,3509158
09:11:06.297;True;-0,250310531671435;-4,57567728303534;49,9562728540231;-0,4446973;0,8179492;-0,07739635;0,3566696
09:11:06.366;True;-0,465122188167881;-3,77037729056679;50,0434009828551;-0,4810664;0,7954634;-0,0302493;0,3672847
09:11:06.436;True;-0,686729648989486;-3,09405198400047;50,1439379018036;-0,5134022;0,7723569;0,01226299;0,3738084
09:11:06.510;True;-0,868902219284769;-2,68106674275619;50,3424670271907;-0,5369402;0,7540501;0,04376853;0,3757501
09:11:06.577;True;-0,953080450322276;-2,51873625067886;50,3297288456655;-0,5538899;0,7398882;0,06056848;0,3769654
09:11:06.649;True;-1,0704241888686;-2,5169457988788;50,2920994440528;-0,5614991;0,7349228;0,06587785;0,3745228
09:11:06.720;True;-1,14279557195536;-2,52399274966487;50,3109297658274;-0,5628101;0,7346981;0,06776568;0,3726546
09:11:06.791;True;-1,15573093511422;-2,52008086711121;50,2698199906488;-0,560914;0,7366502;0,06587274;0,3719983
09:11:06.859;True;-1,10861524765133;-2,47666908031879;50,3357870308597;-0,5588576;0,737673;0,06677623;0,3729044
09:11:06.939;True;-0,988004234223158;-2,40675742573061;50,4321984607403;-0,557816;0,7373137;0,06833897;0,3748862
09:11:07.011;True;-0,787167027677971;-2,35715171362046;50,4811539396299;-0,558243;0,7350143;0,06776693;0,3788488
09:11:07.083;True;-0,559345977091529;-2,35238892373477;50,4373494687985;-0,5593541;0,7319503;0,06592937;0,3834383
09:11:07.154;True;-0,404507496027813;-2,40553492390391;50,3322827106925;-0,5600617;0,7302665;0,06360503;0,3860003
09:11:07.225;True;-0,339341232992956;-2,50948432282943;50,2672948221204;-0,5604993;0,7300261;0,06077404;0,3862757
09:11:07.292;True;-0,346990463457783;-2,65183321937839;50,3161765846434;-0,5603625;0,7313102;0,05689763;0,3846322
09:11:07.375;True;-0,391284048594349;-2,79729662353338;50,280019146128;-0,5590306;0,7343408;0,05259684;0,381395
09:11:07.444;True;-0,43346777786605;-2,96578682670116;50,3033682300872;-0,5590932;0,7363794;0,0473741;0,3780423
09:11:07.514;True;-0,475884709899612;-3,16831202764488;50,3199274226769;-0,5582243;0,7394304;0,04330226;0,3738359
09:11:07.584;True;-0,50637940682477;-3,42383477700473;50,3944933361198;-0,5599979;0,7407596;0,03745392;0,3691542
09:11:07.654;True;-0,523795422295217;-3,67310111700358;50,4002328973374;-0,5619556;0,7417715;0,031238;0,3646986
09:11:07.724;True;-0,507978980462078;-3,88975428760026;50,3900875927901;-0,5638291;0,7424842;0,02519025;0,3608038
09:11:07.794;True;-0,413564767329461;-4,04429596397345;50,3858303635314;-0,5649656;0,7425113;0,01931986;0,3593293
09:11:07.863;True;-0,276931239024224;-4,13110053513468;50,3861513043838;-0,5653664;0,7418601;0,01532857;0,3602353
09:11:07.932;True;-0,201037728054045;-4,16467484586054;50,3308955364608;-0,564895;0,7415195;0,012631;0,3617775
09:11:08.003;True;-0,211764750142869;-4,13916145789738;50,2725384204659;-0,5630926;0,7424719;0,01171323;0,3626638
09:11:08.075;True;-0,229130413228495;-4,0689588754144;50,2521793919881;-0,5606381;0,7438593;0,01181065;0,3636192
09:11:08.146;True;-0,222497974425208;-3,99112511603065;50,2700632428546;-0,5584818;0,7448469;0,01220032;0,3649007
09:11:08.216;True;-0,196645223364807;-3,96148579611487;50,2979134149856;-0,5572099;0,745474;0,01212055;0,3655664
09:11:08.285;True;-0,16821019224162;-3,97744460479954;50,2851782216418;-0,5567915;0,7455834;0,01144913;0,3660021
09:11:08.362;True;-0,155132040649461;-4,01595745889054;50,2833976150595;-0,5563528;0,7461851;0,009976549;0,3654858
09:11:08.430;True;-0,0882595893928856;-4,06368032832915;50,2862014938159;-0,5552256;0,7471391;0,006559847;0,3653282
09:11:08.501;True;0,0217739479898425;-4,10638801409314;50,2821985445218;-0,5546979;0,7471893;0,003306771;0,3660703
09:11:08.577;True;0,130501019774644;-4,1647226683709;50,1964223598742;-0,5541935;0,7468711;0,0006259568;0,3674953
09:11:08.647;True;0,199007512064595;-4,25981780376072;50,0459022657283;-0,5529167;0,7476696;-0,002953348;0,3677834
09:11:08.716;True;0,252922417371508;-4,372639970012;49,8681580145267;-0,5503013;0,7496895;-0,00744038;0,3675308
09:11:08.784;True;0,288967139625952;-4,47680348457482;49,7457108346402;-0,5455006;0,7541856;-0,01241568;0,3653478
09:11:08.854;True;0,413205049097061;-4,53410930390601;49,7305951069524;-0,5406913;0,758497;-0,01699172;0,3633822
09:11:08.923;True;0,711825394970693;-4,52731114036892;49,8031695393144;-0,5376005;0,760273;-0,02032927;0,3640844
09:11:08.993;True;1,08845098431711;-4,46524840860904;49,8725937573577;-0,5359342;0,7605258;-0,01974558;0,3660399
09:11:09.066;True;1,45313755120011;-4,38508611535647;49,9138068809549;-0,5349022;0,7610222;-0,01803307;0,3666058
09:11:09.135;True;1,91332494085272;-4,28432727242883;50,0128939630762;-0,5335214;0,760074;-0,0165828;0,3706314
09:11:09.201;True;2,25903628827108;-4,23268315123176;50,0022717200573;-0,5321349;0,7595153;-0,0159032;0,3737861
09:11:09.269;True;2,53322248974843;-4,22309712409121;50,0865744525264;-0,531163;0,7598104;-0,01572305;0,3745754
09:11:09.341;True;2,7821542004281;-4,21558349394312;50,0749603397168;-0,531163;0,7598104;-0,01572305;0,3745754
09:11:09.413;True;3,03845570650882;-4,19860131372845;50,1178441061293;-0,5294314;0,7603343;-0,01496273;0,3759925
09:11:09.484;True;3,36268715045222;-4,1722291555728;50,2252422338731;-0,5294966;0,759598;-0,01384774;0,3774289
09:11:09.552;True;3,73551894551016;-4,1245345797034;50,2518742218458;-0,5301582;0,7573613;-0,01255511;0,381023
09:11:09.626;True;4,09513822934162;-4,06656061347321;50,1980868539761;-0,5306858;0,7540441;-0,01081747;0,386876
09:11:09.696;True;4,39212428537015;-4,01251870254813;50,120867305696;-0,5310169;0,7513883;-0,009459688;0,3915958
09:11:09.765;True;4,64179736801768;-3,96850700625118;50,1207055825363;-0,5310407;0,7491346;-0,008701997;0,3958754
09:11:09.836;True;4,80943908006579;-3,92289046312883;50,0950784206334;-0,5307941;0,7471952;-0,008280149;0,3998605
09:11:09.905;True;4,85117328676755;-3,85122038685138;50,0596400478812;-0,52974;0,7463918;-0,007745346;0,4027591
09:11:09.977;True;4,79481319946813;-3,74588756434987;50,0599883715401;-0,5280926;0,7465616;-0,008023599;0,4045982
09:11:10.048;True;4,7340414477025;-3,5716981036798;49,9953002862205;-0,5262598;0,7451525;-0,00876141;0,4095384
09:11:10.115;True;4,70831021911351;-3,30822266408179;50,0082584306843;-0,5240951;0,7424995;-0,007957879;0,4170798
09:11:10.182;True;4,72149032504651;-2,97691335269632;49,996690694925;-0,5223809;0,7381187;-0,004854646;0,4269373
09:11:10.253;True;4,75242372058104;-2,67639072210364;50,0948079693846;-0,521234;0,7338826;-0,001131157;0,4355804
09:11:10.322;True;4,7328363879925;-2,47000396650254;50,1867656049641;-0,5204435;0,7305533;0,002110181;0,4420702
09:11:10.393;True;4,60649995750428;-2,3982389631111;50,2515352029635;-0,5198016;0,7286969;0,003327909;0,4458656
09:11:10.459;True;4,37353734079559;-2,49423018555489;50,4007186378525;-0,5186226;0,7295299;0,0003958297;0,4458885
09:11:10.545;True;4,08679432107577;-2,68156975896282;50,496208302761;-0,516684;0,7328332;-0,004473511;0,4426886
09:11:10.616;True;3,89917388263395;-2,86224291055929;50,6001711399406;-0,514418;0,7365867;-0,008006201;0,4390331
09:11:10.688;True;3,79489030737591;-3,04239190640392;50,5986348784292;-0,5124294;0,7390164;-0,01048924;0,4372196
09:11:10.762;True;3,7392027247515;-3,24049452231186;50,6203383131745;-0,5109084;0,7407063;-0,01183024;0,4361041
09:11:10.831;True;3,71432057540927;-3,56563406621887;50,6176560935463;-0,5109506;0,7414398;-0,01426645;0,4347334
09:11:10.910;True;3,70451192675336;-3,86753663549497;50,4896891350492;-0,5111965;0,7412453;-0,01597198;0,4347165
09:11:10.982;True;3,69361782389678;-4,11215193677289;50,3440943311769;-0,5096884;0,7417789;-0,01631383;0,4355636
09:11:11.052;True;3,72056001126366;-4,33326961590447;50,2396099002352;-0,506752;0,7423722;-0,01594325;0,437986
09:11:11.117;True;3,76943724082001;-4,46541722586565;49,8952924120984;-0,50517;0,7405777;-0,01343672;0,4429079
09:11:11.189;True;3,88571540489807;-4,74970272829881;50,0650563850882;-0,5028425;0,7391383;-0,0147225;0,4478922
09:11:11.257;True;3,9568862472266;-5,03314908425132;50,4399974903091;-0,5019138;0,7382101;-0,01623654;0,4504051
09:11:11.329;True;3,96444762547888;-5,28827775161784;50,9045567058647;-0,5009007;0,7380221;-0,01843307;0,4517544
09:11:11.394;True;3,36803320385158;-5,07150487025205;52,7294097902596;0,2090001;0,3580652;0,8450842;-0,3375514
09:11:11.463;True;3,13472527663301;-5,07577139518019;53,6521525707936;-0,4947279;0,7400873;-0,01767365;0,4551952
09:11:11.534;True;3,42633542585458;-5,41919728647404;53,2993446699407;-0,4865258;0,7400053;-0,01405729;0,464206
09:11:11.608;True;2,9540982793833;-5,20446704555154;54,5773443077545;-0,1128225;0,3942382;0,8345163;0,368008
09:11:11.682;True;2,22924689981473;-4,85614739150095;56,3424210527154;-0,1162208;0,3879229;0,8357539;0,3708424
09:11:11.749;True;2,46386487717838;-5,17346118794649;56,2526647450459;-0,4788968;0,7322981;-0,01385006;0,4839479
09:11:11.817;True;2,30383954402104;-5,30337706292137;56,8004617532673;-0,1151522;0,3879378;0,8354008;0,371954
09:11:11.885;True;2,7148007164503;-5,8574927262671;56,0681009800886;-0,4742006;0,7416843;-0,007427644;0,4743238
09:11:11.952;True;1,79357899051356;-5,46947644781082;58,0504324686518;-0,1080205;0,3916373;0,8338982;0,3735848
09:11:12.021;True;2,42001954005447;-6,00176729925827;57,1818791733756;-0,4758882;0,7416861;-0,01169363;0,4725414
09:11:12.090;True;2,15502352120701;-5,84192368913896;58,1939616877821;-0,1126805;0,391541;0,8344966;0,370964
09:11:12.161;True;1,5702731018359;-5,42090697298937;59,8767108093289;-0,1137654;0,3907983;0,8353568;0,3694769
09:11:12.231;True;1,27398098975086;-5,13233320308446;60,8939116855334;-0,1141952;0,3881664;0,835982;0,3707026
09:11:12.302;True;1,15979074423897;-4,92857921357848;61,56394416556;-0,1198018;0,3899648;0,8370902;0,3644929
09:11:12.372;True;1,14179157929052;-4,81077261276655;61,9954009052609;-0,1283793;0,4254871;0,8422847;0,3050179
09:11:12.443;True;1,13230128149704;-4,76371744945269;62,2882334161697;-0,1338965;0,4407872;0,8428337;0,2782263
09:11:12.512;True;1,10757049649921;-4,74916015567692;62,5029838590691;-0,1354899;0,4465789;0,842647;0,2686185
09:11:12.581;True;1,09609788539846;-4,73508199639515;62,7132195373331;-0,1352333;0,4466955;0,8428391;0,2679504
09:11:12.651;True;1,10132338613635;-4,71097615530053;62,9595868559695;-0,1345301;0,4444836;0,8430176;0,2713988
09:11:12.719;True;1,10665337784569;-4,65982822920228;63,1851974833804;-0,1338021;0,4411552;0,843047;0,2770394
09:11:12.788;True;1,09575584876488;-4,61630589692458;63,3614447415042;-0,1322432;0,4369491;0,8432378;0,2837907
09:11:12.859;True;1,07460768738008;-4,59255015809052;63,4697430566212;-0,1304666;0,4331643;0,8430898;0,2907692
09:11:12.933;True;1,04015696955347;-4,60624399929208;63,594362270051;-0,1279583;0,4298061;0,8427551;0,2977535
09:11:13.002;True;1,00824961974249;-4,62426229676093;63,6562517808315;-0,1255263;0,426808;0,842361;0,3041479
09:11:13.072;True;2,07793995486146;-5,31944693334406;61,50226030745;-0,4821677;0,7360561;-0,006324342;0,4750745
09:11:13.139;True;2,11927752776033;-5,39702040730396;61,3845525419517;-0,4817827;0,7380769;-0,004225745;0,4723452
09:11:13.206;True;2,52884290826055;-5,72542162286198;60,4113023094521;-0,4800221;0,7406101;-0,001423961;0,4701845
09:11:13.279;True;1,61215903728297;-5,24947291504354;62,2045701108394;-0,1023053;0,3924521;0,8380384;0,3649749
09:11:13.348;True;1,10295507456664;-5,03481036232264;63,1690941898429;-0,09885449;0,3922248;0,8392887;0,3632933
09:11:13.415;True;1,40439597178191;-5,32463272648316;62,2128189219709;-0,4787478;0,7463558;0,004899995;0,4623089
09:11:13.483;True;1,39561721734788;-5,3798151527625;62,0830063665444;-0,09321123;0,3944948;0,8395557;0,3617068
09:11:13.555;True;1,90440599814712;-5,81275852704645;60,5247506807195;-0,4781632;0,7491123;0,005553253;0,4584321
09:11:13.624;True;2,04027819920751;-6,03372746624265;59,6600876023539;-0,4741659;0,7546281;0,007033241;0,4534906
09:11:13.696;True;1,95522236973544;-6,07022189456985;59,167855453883;-0,4808126;0,7486181;0,005011703;0,4564703
09:11:13.769;True;1,74399543752002;-5,95877961642571;58,9322869681398;-0,4335224;0,7940565;0,02512472;0,4253249
09:11:13.837;True;1,46008492532683;-5,70858894494692;58,8727008172763;-0,4044306;0,8162866;0,0393814;0,410562
09:11:13.904;True;1,2268986699215;-5,4179095334532;58,9089748539671;-0,3882132;0,8267376;0,04927181;0,4041878
09:11:13.972;True;0,324424718824564;-4,49978764869735;61,3827298504644;-0,04214653;0,4004673;0,8379132;0,3684443
09:11:14.042;True;-0,119215801207721;-4,01529222854003;62,6854440846101;-0,04227143;0,3989067;0,8379861;0,3699539
09:11:14.111;True;-0,248123026609092;-3,8593058631831;63,3404745503406;-0,04920486;0,3992172;0,8371636;0,3706232
09:11:14.182;True;-0,14083921541915;-4,00280339796513;63,782610017872;-0,0579612;0,3968475;0,8381833;0,3695962
09:11:14.249;True;0,478127072108303;-4,63501405345175;63,156336090744;-0,06982535;0,4008424;0,8358396;0,3685402
09:11:14.319;True;0,975040827009717;-5,1209972767559;62,689966111616;-0,08069007;0,4024228;0,8346255;0,3673492
09:11:14.388;True;0,878980010306287;-5,04632733942002;63,0483935164391;-0,09085434;0,408032;0,8281131;0,3734758
09:11:14.455;True;1,80480269235699;-5,76408333235895;61,0782299703343;-0,4693583;0,7570371;0,0009009151;0,4545292
09:11:14.524;True;2,21305994518205;-5,95426711371105;59,9880691745014;-0,4654817;0,7575087;0,00783556;0,4576527
09:11:14.596;True;2,42046530040045;-5,79074880591349;59,5766003752929;-0,4619747;0,7567634;0,01626484;0,4621947
09:11:14.667;True;1,64115900805351;-4,85105925546887;61,8768317675452;-0,07273237;0,3703415;0,8504412;0,3664792
09:11:14.735;True;1,34819626853088;-4,07845873681329;63,2902638680065;-0,07258281;0,3525059;0,8576275;0,3673506
09:11:14.812;True;2,35289946716707;-3,91208185610872;61,8130345989752;-0,449899;0,7428294;0,04287047;0,4939207
09:11:14.883;True;1,9517218713521;-3,29813012108915;63,3441719934224;-0,08386751;0,3348084;0,8615267;0,3723457
09:11:14.948;True;1,81815503684693;-3,01869144091169;64,1469137179431;-0,08815011;0,3347593;0,8608057;0,3730675
09:11:15.013;True;2,53044986689064;-3,36294168540147;63,5697566367172;-0,4577053;0,7335619;0,03944374;0,5008364
09:11:15.084;True;2,37407373187043;-3,60346884726535;64,2124832525241;-0,1200162;0,3560859;0,8500015;0,3691836
09:11:15.150;True;2,41313565131127;-3,99804256052876;64,4413803062231;-0,1252428;0,366102;0,8454037;0,3682068
09:11:15.217;True;3,11634926106921;-4,61795839672251;63,3023734944893;-0,4766556;0,726028;0,0007745533;0,4956633
09:11:15.284;True;2,75533935783491;-4,44623697215482;63,966111463059;-0,1199733;0,3562227;0,8486106;0,3722523
09:11:15.353;True;2,57918112582355;-4,29071357132988;64,4865129898602;0,153642;0,3069929;0,8741505;-0,3435264
09:11:15.424;True;3,74411370069025;-4,37146924225167;62,6157835669392;-0,4682402;0,7140921;0,02411574;0,5198482
09:11:15.494;True;3,09170783871836;-3,87866162431117;63,6989679041473;-0,1276201;0,3296106;0,8592812;0,3697373
09:11:15.565;True;2,76060418204549;-3,76208964072891;64,4012567693109;0,1395829;0,2989143;0,8779846;-0,3468572
09:11:15.648;True;2,55427417021704;-3,59414288934107;64,6033229390478;-0,1309224;0,3331157;0,857603;0,3693379
09:11:15.722;True;2,44914548497712;-3,54208706330981;64,6907351760835;-0,1311422;0,3343855;0,8568051;0,3699637
09:11:15.788;True;2,43368834461562;-3,67830373273216;64,9122927471067;0,1410319;0,3054279;0,8761752;-0,3451678
09:11:15.859;True;2,42618521905879;-3,75078723859309;64,9962715047624;0,1412037;0,3052879;0,8759169;-0,3458763
09:11:15.932;True;3,12239283283066;-3,91880838235991;63,7466397820674;-0,4726948;0,7110517;0,02288158;0,52004
09:11:16.014;True;2,72156688213213;-3,71867257241543;64,2350804511141;-0,1302295;0,3339208;0,8588361;0,365975
09:11:16.083;True;2,49824840926275;-3,61658535901391;64,4715679966981;-0,1317672;0,3349859;0,8583612;0,3655651
09:11:16.153;True;2,36983728261138;-3,57944142253312;64,6027088968735;-0,1323922;0,3347256;0,8585286;0,3651846
09:11:16.219;True;2,30681201826928;-3,54991036548493;64,6596603402367;-0,1253632;0,3376119;0,8553532;0,3723885
09:11:16.285;True;2,26819315754948;-3,52850742051852;64,7078891793104;-0,1365663;0,3443448;0,8655764;0,3369774
09:11:16.354;True;2,25115003526286;-3,50071570273939;64,7492529738186;-0,1418415;0,3458612;0,8702719;0,3207615
09:11:16.425;True;2,23795954864494;-3,46815959312624;64,7466265281043;-0,1443097;0,3457727;0,8721786;0,3145163
09:11:16.494;True;2,22650501077784;-3,45457534126788;64,7306631660154;-0,1450389;0,3451695;0,8727482;0,3132608
09:11:16.563;True;2,22207062817212;-3,45109175503928;64,6983322776282;-0,1450725;0,343809;0,8727507;0,3147311
09:11:16.631;True;2,77183073176918;-3,59961450698971;63,8861693356418;-0,1310629;0,3235672;0,8630057;0,3651685
09:11:16.700;True;3,26851552736233;-3,66187084659853;63,1835189581034;-0,4697382;0,7062234;0,03544453;0,5285247
09:11:16.779;True;2,98100344861507;-3,54445777982854;63,6239296701019;-0,1302031;0,3211271;0,8640323;0,3652024
09:11:16.849;True;2,64673993129311;-3,53637888239967;64,3294871475369;-0,1301542;0,3245946;0,8629563;0,364698
09:11:16.920;True;2,47064875728273;-3,47833275755205;64,506901472384;-0,1310042;0,3268397;0,861291;0,3663217
09:11:16.997;True;2,40859580586887;-3,51198030032508;64,5844668763629;-0,1328189;0,3310494;0,8592181;0,3667557
09:11:17.066;True;2,39765932758335;-3,59236540852272;64,5918267887007;-0,1338834;0,3352337;0,8572602;0,3671492
09:11:17.133;True;2,38921647475825;-3,689247888411;64,6063179273909;-0,1238173;0,3378509;0,8526565;0,3788178
09:11:17.215;True;2,41191705085454;-3,83306253781964;64,7504403942091;-0,1326273;0,3378523;0,8559266;0,3683143
09:11:17.284;True;3,1536372762713;-4,19543424724436;63,6309284233429;-0,4747761;0,7110997;0,01982485;0,5182006
09:11:17.350;True;3,30633929604317;-4,18217608314566;63,2451785121882;-0,1312929;0,3358849;0,8577535;0,3663365
09:11:17.416;True;3,60025563315331;-4,3107607912914;62,9004044742437;-0,4743966;0,7096079;0,02548148;0,5203415
09:11:17.484;True;3,00008381000233;-4,1017413329;63,8593405077646;-0,1316328;0,3331717;0,859632;0,3642834
09:11:17.552;True;2,64037124106001;-3,85802960198805;64,1936113639606;-0,1319478;0,3321072;0,8599036;0,3645003
09:11:17.628;True;2,51082174020082;-3,92929006394192;64,6697954114296;0,13793;0,302806;0,874957;-0,3517587
09:11:17.698;True;3,13554036947575;-4,05844818031412;63,6992906707238;-0,4740995;0,7086543;0,02911746;0,5217192
09:11:17.766;True;3,43292526410611;-4,00816249696993;63,072882105292;-0,4736956;0,7089761;0,02954159;0,521625
09:11:17.834;True;2,8315815300619;-3,71569095312034;63,8510962914466;-0,130423;0,3298307;0,8611423;0,3641916
